Nombre;Descripcion;Precio_Euros;URL_Producto;URL_Imagen
"Vino Azul" Príncipe Verdejo Frizzante Reina de Castilla 75 cl;Elaborado por S.C. Bodega Reina de Castilla (La Seca - Valladolid) con uva 100% verdejo parcialmente fermentada de manera natural. Esta bebida azul de aromas afrutados y una agradable chispa de carbónico natural, presenta un perfecto equilibrio entre dulzor y acidez. Ideal para acompañar de manera diferente en cualquier momento del día. 7.0% Vol. Contiene...;6.25;https://tienda.productostipicosregionales.es/vino/1304-vino-azul-principe-verdejo-frizzante-reina-de-castilla-75-cl.html;https://tienda.productostipicosregionales.es/1678-home_default/vino-azul-principe-verdejo-frizzante-reina-de-castilla-75-cl.jpg
Aceite de Oliva Virgen Extra Arbequina en Rama Oro Líquido 1 l;Aceite de oliva virgen extra variedad Arbequina, de primera extracción en frío sin filtrar, procedente de la cosecha propia de COATO. Se presenta en una bonita aceitera con forma de gota registrada con el sello “Artesanía Región de Murcia” de 1 litro.;19.75;https://tienda.productostipicosregionales.es/aceite/824-aceite-de-oliva-virgen-extra-arbequina-en-rama-oro-liquido-1-l.html;https://tienda.productostipicosregionales.es/1063-home_default/aceite-de-oliva-virgen-extra-arbequina-en-rama-oro-liquido-1-l.jpg
Aceite de Oliva Virgen Extra Cornicabra en Rama Oro Líquido 1 l;Aceite de oliva virgen extra variedad Cornicabra, de primera extracción en frío sin filtrar, procedente de la cosecha propia de COATO. Se presenta en una bonita aceitera con forma de gota registrada con el sello “Artesanía Región de Murcia” de 1 litro.;19.75;https://tienda.productostipicosregionales.es/aceite/823-aceite-de-oliva-virgen-extra-cornicabra-en-rama-oro-liquido-1-l.html;https://tienda.productostipicosregionales.es/1062-home_default/aceite-de-oliva-virgen-extra-cornicabra-en-rama-oro-liquido-1-l.jpg
Aceite de Oliva Virgen Extra Hojiblanca en Rama Oro Líquido 1 l;Aceite de oliva virgen extra variedad Hojiblanca, de primera extracción en frío sin filtrar, procedente de la cosecha propia de COATO. Se presenta en una bonita aceitera con forma de gota registrada con el sello “Artesanía Región de Murcia” de 1 litro.;19.75;https://tienda.productostipicosregionales.es/aceite/1165-aceite-de-oliva-virgen-extra-hojiblanca-en-rama-oro-liquido-1-l.html;https://tienda.productostipicosregionales.es/1508-home_default/aceite-de-oliva-virgen-extra-hojiblanca-en-rama-oro-liquido-1-l.jpg
Aceituna Negra de Cuquillo Oro Molido 310 gr;Aceituna negra de cuquillo entera categoría Selecta. Se presenta en tarro de vidrio de 310 gr. Peso Neto Escurrido: 180 g.;1.75;https://tienda.productostipicosregionales.es/encurtidos/798-aceituna-negra-de-cuquillo-oro-molido-310-gr.html;https://tienda.productostipicosregionales.es/1037-home_default/aceituna-negra-de-cuquillo-oro-molido-310-gr.jpg
Aceituna Negra de Cuquillo Oro Molido 970 gr;Aceituna negra de cuquillo entera categoría Selecta. Se presenta en tarro de vidrio de 970 gr. Peso Neto Escurrido: 500 g.;3.75;https://tienda.productostipicosregionales.es/encurtidos/797-aceituna-negra-de-cuquillo-oro-molido-970-gr.html;https://tienda.productostipicosregionales.es/1036-home_default/aceituna-negra-de-cuquillo-oro-molido-970-gr.jpg
Aceituna Verde Partida Oro Molido 970 gr;Aceituna casera verde partida categoría Selecta. Se presenta en tarro de vidrio de 820 gr. Peso Neto Escurrido: 480g.;4.25;https://tienda.productostipicosregionales.es/encurtidos/796-aceituna-verde-partida-oro-molido-970-gr.html;https://tienda.productostipicosregionales.es/1035-home_default/aceituna-verde-partida-oro-molido-970-gr.jpg
Aguardiente Tostado Gulagalega 70 cl;Elaborado a partir de aguardiente blanco al que se le añade corteza de naranja, granos de café y azúcar caramelizado. 30% Vol. Se presenta en frasca de vidrio de 70 cl.;12.50;https://tienda.productostipicosregionales.es/destilados/1180-aguardiente-tostado-gulagalega-70-cl.html;https://tienda.productostipicosregionales.es/1520-home_default/aguardiente-tostado-gulagalega-70-cl.jpg
Aliño de Vinagre Balsámico con Cebolla S.A.T. El Artesano Raúl...;Elaborado por De lo Nuestro Artesano , S.L. en el Bierzo (Carracedelo – León). Producto de elaboración artesanal. Se presenta en botella de vidrio de 250 ml.;4.25;https://tienda.productostipicosregionales.es/vinagre/589-vinagre-balsamico-de-cebolla-sat-el-artesano-raul-valcarce-250-ml.html;https://tienda.productostipicosregionales.es/617-home_default/vinagre-balsamico-de-cebolla-sat-el-artesano-raul-valcarce-250-ml.jpg
Aliño de Vinagre Balsámico con Higo S.A.T. El Artesano Raúl...;Elaborado por De lo Nuestro Artesano , S.L. en el Bierzo (Carracedelo – León). Producto de elaboración artesanal. Se presenta en botella de vidrio de 250 ml.;4.25;https://tienda.productostipicosregionales.es/vinagre/590-alino-de-vinagre-balsamico-con-higo-sat-el-artesano-raul-valcarce-250-ml.html;https://tienda.productostipicosregionales.es/618-home_default/alino-de-vinagre-balsamico-con-higo-sat-el-artesano-raul-valcarce-250-ml.jpg
Aliño de Vinagre Balsámico con Manzana Reineta S.A.T. El Artesano...;Elaborado por De lo Nuestro Artesano , S.L. en el Bierzo (Carracedelo – León). Producto de elaboración artesanal. Se presenta en botella de vidrio de 250 ml.;4.25;https://tienda.productostipicosregionales.es/vinagre/591-vinagre-balsamico-de-manzana-reineta-sat-el-artesano-raul-valcarce-250-ml.html;https://tienda.productostipicosregionales.es/619-home_default/vinagre-balsamico-de-manzana-reineta-sat-el-artesano-raul-valcarce-250-ml.jpg
Aliño de Vinagre Balsámico con Pimiento S.A.T. El Artesano Raúl...;Elaborado por De Lo Nuestro Artesano, S.L. en el Bierzo (Carracedelo - León). Se presenta en botella de vidrio de 250 ml.;4.25;https://tienda.productostipicosregionales.es/vinagre/1179-vinagre-balsamico-de-pimiento-sat-el-artesano-raul-valcarce-250-ml.html;https://tienda.productostipicosregionales.es/1540-home_default/vinagre-balsamico-de-pimiento-sat-el-artesano-raul-valcarce-250-ml.jpg
Aliño de Vinagre Balsámico con Tomate S.A.T. El Artesano Raúl...;Elaborado por De lo Nuestro Artesano , S.L. en el Bierzo (Carracedelo – León). Producto de elaboración artesanal. Se presenta en botella de vidrio de 250 ml.;4.25;https://tienda.productostipicosregionales.es/vinagre/588-alino-de-vinagre-balsamico-con-tomate-sat-el-artesano-raul-valcarce-250-ml.html;https://tienda.productostipicosregionales.es/616-home_default/alino-de-vinagre-balsamico-con-tomate-sat-el-artesano-raul-valcarce-250-ml.jpg
Almendra Comuna Repelada Frita con Sal Coato 150 gr;Almendra Comuna frita con aceite de oliva virgen extra de primera calidad para obtener un producto destacado, añadiéndole una pincelada de sal. Variedad de almendra cultivada exclusivamente en España. Se presenta en tarro de vidrio de 150 gr.;3.60;https://tienda.productostipicosregionales.es/aperitivos/791-almendra-comuna-repelada-frita-con-sal-coato-150-gr.html;https://tienda.productostipicosregionales.es/1235-home_default/almendra-comuna-repelada-frita-con-sal-coato-150-gr.jpg
Almendra Comuna Repelada Frita con Sal Coato 250 gr;Almendra Comuna frita con aceite de oliva virgen extra de primera calidad para obtener un producto destacado, añadiéndole una pincelada de sal. Se presenta en bolsa de 250 gr.;4.45;https://tienda.productostipicosregionales.es/aperitivos/790-almendra-comuna-repelada-frita-con-sal-coato-250-gr.html;https://tienda.productostipicosregionales.es/1029-home_default/almendra-comuna-repelada-frita-con-sal-coato-250-gr.jpg
Alubia al Natural Extra Juker 315 gr;Alubia blanca manteca al natural de primera calidad, cocida y lista para consumir sola o en platos variados. Se presenta en tarro de vidrio de 315 gr. Peso Neto Escurrido: 205g.;1.95;https://tienda.productostipicosregionales.es/legumbres/289-alubia-al-natural-extra-juker-315-gr.html;https://tienda.productostipicosregionales.es/317-home_default/alubia-al-natural-extra-juker-315-gr.jpg
Alubia al Natural Extra Juker 660 gr;Alubia blanca manteca al natural de primera calidad, cocida y lista para consumir sola o en platos variados. Se presenta en tarro de vidrio de 660 gr. Peso Neto Escurrido: 425g.;2.50;https://tienda.productostipicosregionales.es/legumbres/290-alubia-al-natural-extra-juker-660-gr.html;https://tienda.productostipicosregionales.es/318-home_default/alubia-al-natural-extra-juker-660-gr.jpg
Alubia Riñón Vegas Bañezanas 1 kg – I.G.P. La Bañeza – León;Variedad de legumbre ligada a las condiciones climáticas y características del terreno de la zona de producción, cultivadas bajo la I.G.P. La Bañeza – León. Se presenta en saquito de tela de 1 kg.;4.95;https://tienda.productostipicosregionales.es/legumbres/635-alubia-rinon-vegas-banezanas-1-kg-igp-la-baneza-leon.html;https://tienda.productostipicosregionales.es/2275-home_default/alubia-rinon-vegas-banezanas-1-kg-igp-la-baneza-leon.jpg
Alubia Riñón Vegas Bañezanas 500 gr – León;Variedad de legumbre ligada a las condiciones climáticas y características del terreno de la zona de producción. Se presenta en saquito de tela de 500 gr.;2.75;https://tienda.productostipicosregionales.es/legumbres/636-alubia-rinon-vegas-banezanas-500-gr-igp-la-baneza-leon.html;https://tienda.productostipicosregionales.es/2276-home_default/alubia-rinon-vegas-banezanas-500-gr-igp-la-baneza-leon.jpg
Alubia Verdina de Asturias Tierra Asturias 500g;Alubias verdinas, típicas de Asturias, de textura suave y muy finas. Se presenta en formato de 500g envasados al vacío.;9.95;https://tienda.productostipicosregionales.es/legumbres/1160-alubia-verdina-de-asturias-tierra-asturias-500g.html;https://tienda.productostipicosregionales.es/1707-home_default/alubia-verdina-de-asturias-tierra-asturias-500g.jpg
Alubias cocidas producción ecológica Cachopo 720 cc;Alubia blanca de producción ecológica cocida exclusivamente con agua y sal. Se presenta en tarro de vidrio de 720 cc. Peso Neto Escurrido: 410 g.;4.25;https://tienda.productostipicosregionales.es/plato-de-cuchara/1166-alubias-cocidas-produccion-ecologica-cachopo-720-cc.html;https://tienda.productostipicosregionales.es/1509-home_default/alubias-cocidas-produccion-ecologica-cachopo-720-cc.jpg
Alubias estofadas producción ecológica Cachopo 370 cc;Conserva preparada para calentar y servir. Elaborada sin carne ni chorizo, ideal para dietas bajas en grasas, pero sin perder el sabor auténtico de la alubia con tradicional salsa estofada. Producción ecológica. Se presenta en tarro de 445 cc.;4.25;https://tienda.productostipicosregionales.es/plato-de-cuchara/54-alubias-estofadas-produccion-ecologica-cachopo-370-cc.html;https://tienda.productostipicosregionales.es/71-home_default/alubias-estofadas-produccion-ecologica-cachopo-370-cc.jpg
Arroz De Lucía variedad Albufera 1 kg;Excelente variedad para todo tipo de arroces: meloso, caldoso, seco y al horno. De Lucía le ofrece este arroz directamente desde el Parque Natural de L'Albufera, cultivado siguiendo la tradición arrocera valenciana. Se presenta en envase OPP-BIO de 1 kg.;6.75;https://tienda.productostipicosregionales.es/arroz/19-arroz-de-lucia-variedad-albufera-1-kg-do-valencia.html;https://tienda.productostipicosregionales.es/1541-home_default/arroz-de-lucia-variedad-albufera-1-kg-do-valencia.jpg
Arroz De Lucía variedad Bomba 1 kg;Grano redondo y perlado. Absorbe muy bien todos los sabores y resiste muy bien la sobrecocción. Una vez cocinado, multiplica su tamaño longitudinalmente por dos. Presentado en saco de tela de 1 kg.;6.75;https://tienda.productostipicosregionales.es/arroz/18-arroz-de-lucia-variedad-bomba-1-kg-do-valencia.html;https://tienda.productostipicosregionales.es/1542-home_default/arroz-de-lucia-variedad-bomba-1-kg-do-valencia.jpg
Arroz de Pastor Monbolet 500 gr;Exitosa combinación de arroz del Delta del Ebro y setas de los Pirineos. Producto 100% natural, sin conservantes, colorantes ni aromas artificiales. Se presenta en tarro de vidrio de 500 gr.;7.50;https://tienda.productostipicosregionales.es/plato-de-tenedor/478-arroz-de-pastor-monbolet-500-gr.html;https://tienda.productostipicosregionales.es/506-home_default/arroz-de-pastor-monbolet-500-gr.jpg
Atún Al Natural La Chanca 110 Gr;Atún (Thunnus albacare) conservado en su propio jugo. Se presenta en lata estuchada con abre-fácil de 125 gr. Peso Neto Escurrido: 85 g.;3.25;https://tienda.productostipicosregionales.es/conservas-del-mar/1345-atun-al-natural-la-chanca-110-gr.html;https://tienda.productostipicosregionales.es/2155-home_default/atun-al-natural-la-chanca-110-gr.jpg
Banderillas Picantes Oro Molido 310 gr;Banderillas picantes. Se presenta en tarro de vidrio de 310 gr. Peso Neto Escurrido: 160 g.;2.25;https://tienda.productostipicosregionales.es/encurtidos/801-banderillas-picantes-oro-molido-310-gr.html;https://tienda.productostipicosregionales.es/1040-home_default/banderillas-picantes-oro-molido-310-gr.jpg
Berberechos Al Natural 30/40p Ana María 110 Gr;Berberechos al natural de las Rías 30/40 piezas grandes, elaborados de manera tradicional por Conservas Ana María (Santoña). Se presenta en lata estuchada con abre-fácil de 110 gr. Peso Neto Escurrido: 63 g.;9.95;https://tienda.productostipicosregionales.es/conservas-del-mar/1359-berberechos-al-natural-30-40p-ana-maria-110-gr.html;https://tienda.productostipicosregionales.es/2180-home_default/berberechos-al-natural-30-40p-ana-maria-110-gr.jpg
Boletus Deshidratados Monbolet 30 gr;Podrás disfrutar de esta seta todo el año. 100% natural, sin conservantes, colorantes ni aromas artificiales. Se presenta en tarro de vidrio de 30 gr.;6.50;https://tienda.productostipicosregionales.es/setas/494-boletus-deshidratados-monbolet-30-gr.html;https://tienda.productostipicosregionales.es/966-home_default/boletus-deshidratados-monbolet-30-gr.jpg
Bombones de Roca Chocolate Negro – Extrafinos Leche La Cepedana 200...;Bombones de Roca elaborados con chocolate negro (mínimo 53% cacao) y chocolate extrafino con leche (mínimo 25% cacao). Artesanos del chocolate de Astorga desde 1903. Se presenta en estuche de 200 gr.;12.95;https://tienda.productostipicosregionales.es/chocolates/1388-bombones-de-roca-chocolate-negro-extrafinos-leche-la-cepedana-200-gr.html;https://tienda.productostipicosregionales.es/2251-home_default/bombones-de-roca-chocolate-negro-extrafinos-leche-la-cepedana-200-gr.jpg
Bonito del Norte a la Sidra Tierra Astur 280 gr;Plato preparado conforme a la receta tradicional. Se caracteriza por el excepcional sabor obtenido del maridaje de la sidra natural asturiana con uno de los pescados de mayor valor gastronómico, el Bonito del Norte. Se presenta en lata de 280 gr.;7.95;https://tienda.productostipicosregionales.es/plato-de-tenedor/240-bonito-del-norte-a-la-sidra-tierra-astur-280-gr.html;https://tienda.productostipicosregionales.es/748-home_default/bonito-del-norte-a-la-sidra-tierra-astur-280-gr.jpg
Bonito Fresco de Costera en Aceite de Oliva Conservas de Cambados...;Bonito del Norte de Costera en aceite de oliva y procesado en fresco. Procedente de pesca sostenible. Se presenta en lata decoración red con abre-fácil de 120 ml. Peso Neto Escurrido: 72 g.;4.95;https://tienda.productostipicosregionales.es/conservas-del-mar/1324-bonito-fresco-de-burela-en-aceite-de-oliva-conservas-de-cambados-gourmet-120-ml.html;https://tienda.productostipicosregionales.es/2308-home_default/bonito-fresco-de-burela-en-aceite-de-oliva-conservas-de-cambados-gourmet-120-ml.jpg
Caldo de Pescado y Marisco Juker 750 gr;Caldo de pescado y marisco elaborado con langostinos, congrio y rape. Ingredientes naturales previamente seleccionados. Se presenta en botellín de vidrio de 750 gr.;3.25;https://tienda.productostipicosregionales.es/plato-de-cuchara/305-caldo-de-pescado-y-marisco-juker-750-gr.html;https://tienda.productostipicosregionales.es/333-home_default/caldo-de-pescado-y-marisco-juker-750-gr.jpg
Caldo de Pollo Juker 750 gr;El caldo más consumido en España, ideal para las noches de invierno. Elaborado con gallina y pollo enteros, garbanzo lechoso de primera calidad y verduras de la huerta riojana. Se presenta en botellín de vidrio de 750 gr.;2.95;https://tienda.productostipicosregionales.es/plato-de-cuchara/306-caldo-de-pollo-juker-750-gr.html;https://tienda.productostipicosregionales.es/334-home_default/caldo-de-pollo-juker-750-gr.jpg
Caldo de Verduras Juker 750 gr;Caldo elaborado con una cuidada selección de las mejores verduras frescas de la huerta riojana y navarra. Un plato ideal para el invierno. Se presenta en botellín de vidrio de 750 gr.;2.95;https://tienda.productostipicosregionales.es/plato-de-cuchara/304-caldo-de-verduras-juker-750-gr.html;https://tienda.productostipicosregionales.es/332-home_default/caldo-de-verduras-juker-750-gr.jpg
Callos Con Jamón El Yantar De Pepe 380 Gr;Tradicionales callos de ternera asturianos guisados con jamón y magro de cerdo, preparados para calentar al fuego y servir. Se presentan en lata estuchada de 380 gr. Sin Gluten.;5.75;https://tienda.productostipicosregionales.es/plato-de-tenedor/1354-callos-con-jamon-el-yantar-de-pepe-380-gr.html;https://tienda.productostipicosregionales.es/2216-home_default/callos-con-jamon-el-yantar-de-pepe-380-gr.jpg
Caramelo Ronchito Santos Bolsa 1 kg;Irresistible combinación de azúcar y cacahuete bañado en cacao. Se presenta en bolsa de 1kg.;16.95;https://tienda.productostipicosregionales.es/reposteria/1290-caramelo-ronchito-santos-bolsa-1-kg.html;https://tienda.productostipicosregionales.es/1658-home_default/caramelo-ronchito-santos-bolsa-1-kg.jpg
Caramelo Ronchito Santos Estuche 250 gr;Irresistible combinación de azúcar y cacahuete bañado en cacao. Se presenta en estuche de 250 gr.;6.25;https://tienda.productostipicosregionales.es/aperitivos/644-caramelo-ronchito-santos-estuche-250-gr.html;https://tienda.productostipicosregionales.es/672-home_default/caramelo-ronchito-santos-estuche-250-gr.jpg
Cardo al Natural Juker 660 gr;Cardo de primera calidad recolectado en la huerta riojana y elaborado exclusivamente con agua y sal. Pelado y troceado a mano. Se presenta en tarro de vidrio de 660 gr. Peso Neto Escurrido:410g.;2.75;https://tienda.productostipicosregionales.es/conservas-vegetales/292-cardo-al-natural-juker-660-gr.html;https://tienda.productostipicosregionales.es/320-home_default/cardo-al-natural-juker-660-gr.jpg
Castañas en Almíbar S.A.T. El Artesano Raúl Valcarce 250 gr;Elaborado por De lo Nuestro Artesano , S.L. en el Bierzo (Carracedelo – León). Producto de elaboración artesanal. Se presenta en tarro de vidrio de 250 gr. Peso Neto Escurrido: 140g.;9.50;https://tienda.productostipicosregionales.es/conservas-dulces/571-castanas-en-almibar-sat-el-artesano-raul-valcarce-250-gr.html;https://tienda.productostipicosregionales.es/599-home_default/castanas-en-almibar-sat-el-artesano-raul-valcarce-250-gr.jpg
Castañas en Almíbar S.A.T. El Artesano Raúl Valcarce 300 gr;Elaborado por De lo Nuestro Artesano , S.L. en el Bierzo (Carracedelo – León). Producto de elaboración artesanal. Se presenta en tarro de vidrio de 300 gr. Peso Neto Escurrido: 180g.;13.50;https://tienda.productostipicosregionales.es/conservas-dulces/572-castanas-en-almibar-sat-el-artesano-raul-valcarce-300-gr.html;https://tienda.productostipicosregionales.es/600-home_default/castanas-en-almibar-sat-el-artesano-raul-valcarce-300-gr.jpg
Cava Brut Nature Gran Reserva Juvé & Camps Reserva de la Familia 75 cl;Cava Brut Nature Gran Reserva elaborado por Bodegas Juvé & Camps, S.A. utilizando variedades de uva tales como Xarel-lo (55%), Macabeo (35%) y Parellada (10%). 36 meses de media crianza en sus lías. Producción ecológica. 12% Vol. Contiene sulfitos. Se presenta en botella de vidrio de 75 cl.;17.25;https://tienda.productostipicosregionales.es/vino/1299-cava-brut-nature-gran-reserva-juve-camps-reserva-de-la-familia-75-cl.html;https://tienda.productostipicosregionales.es/1667-home_default/cava-brut-nature-gran-reserva-juve-camps-reserva-de-la-familia-75-cl.jpg
Cava Brut Reserva Juvé y Camps Cinta Púrpura 75 cl;Cava Brut Reserva elaborado por Bodegas Juvé & Camps, S.A. utilizando variedades de uva tales como Xarel-lo (34%), Macabeo (33%) y Parellada (33%). 24 meses de media crianza en sus lías. 12% Vol. Contiene sulfitos. Se presenta en botella de vidrio de 75 cl.;14.50;https://tienda.productostipicosregionales.es/vino/1300-cava-brut-reserva-juve-y-camps-cinta-purpura-75-cl.html;https://tienda.productostipicosregionales.es/1668-home_default/cava-brut-reserva-juve-y-camps-cinta-purpura-75-cl.jpg
Cebolla Caramelizada Juker 340 gr;Cebolla de primera calidad, cortada en juliana y pochada en aceite de oliva virgen extra con caramelo natural, elaborado a partir de azúcar de caña. Un capricho para endulzar cualquier plato. Se presenta en tarro de vidrio de 340 gr.;4.50;https://tienda.productostipicosregionales.es/conservas-vegetales/300-cebolla-caramelizada-juker-340-gr.html;https://tienda.productostipicosregionales.es/328-home_default/cebolla-caramelizada-juker-340-gr.jpg
Cecina Loncheada El Montañés – Vegacervera 200 g;Cecina extra de vaca en lonchas de Vegacervera, situada en el extremo Norte de la provincia de León. Producto artesano. Curación natural. Se presenta en sobre de 200 gr aprox. envasado al vacío.;11.50;https://tienda.productostipicosregionales.es/buey/982-cecina-loncheada-el-montanes-vegacervera-200-g.html;https://tienda.productostipicosregionales.es/1285-home_default/cecina-loncheada-el-montanes-vegacervera-200-g.jpg
Cerezas en Aguardiente S.A.T. El Artesano Raúl Valcarce 300 gr;Elaborado por De lo Nuestro Artesano , S.L. en el Bierzo (Carracedelo – León). Producto de elaboración artesanal. Se presenta en tarro de vidrio de 300 gr.;6.25;https://tienda.productostipicosregionales.es/conservas-dulces/1091-cerezas-en-aguardiente-sat-el-artesano-raul-valcarce-300-gr.html;https://tienda.productostipicosregionales.es/1423-home_default/cerezas-en-aguardiente-sat-el-artesano-raul-valcarce-300-gr.jpg
Cerezas en Aguardiente S.A.T. El Artesano Raúl Valcarce 570 gr;Elaborado por De lo Nuestro Artesano , S.L. en el Bierzo (Carracedelo – León). Producto de elaboración artesanal. Se presenta en tarro de vidrio de 570 gr. Peso Neto Escurrido: 330g.;9.75;https://tienda.productostipicosregionales.es/conservas-dulces/579-cerezas-en-aguardiente-sat-el-artesano-raul-valcarce-570-gr.html;https://tienda.productostipicosregionales.es/795-home_default/cerezas-en-aguardiente-sat-el-artesano-raul-valcarce-570-gr.jpg
Cerezas en Almíbar S.A.T. El Artesano Raúl Valcarce 300 gr;Elaborado por De lo Nuestro Artesano , S.L. en el Bierzo (Carracedelo – León). Producto de elaboración artesanal. Se presenta en tarro de vidrio de 300 gr. Peso Neto Escurrido: 180g.;4.45;https://tienda.productostipicosregionales.es/conservas-dulces/578-cerezas-en-almibar-sat-el-artesano-raul-valcarce-300-gr.html;https://tienda.productostipicosregionales.es/794-home_default/cerezas-en-almibar-sat-el-artesano-raul-valcarce-300-gr.jpg
Cerveza Andares Cerex 33 cl;Cerveza estilo IPA de aroma frutal lupulado, con presencia persistente de notas a jamón ibérico de bellota. 7% Vol. Se presenta en botella de vidrio de 33 cl.;4.50;https://tienda.productostipicosregionales.es/cerveza/777-cerveza-andares-cerex-33-cl.html;https://tienda.productostipicosregionales.es/935-home_default/cerveza-andares-cerex-33-cl.jpg
Cerveza Artesana Kadabra Red Ale 33 cl;Cerveza Irish Red Ale de sabor malteado y acaramelado. 5,5 Vol. Se presenta en botella de 33 cl.;2.25;https://tienda.productostipicosregionales.es/cerveza/549-cerveza-artesana-kadabra-red-ale-33-cl.html;https://tienda.productostipicosregionales.es/577-home_default/cerveza-artesana-kadabra-red-ale-33-cl.jpg
Cerveza Castaña Cerex 33 cl;Cerveza de sabor dulce y final armonioso a castaña silvestre. Aromas con recuerdo a pimentón y leña de encina. 5% Vol. Se presenta en botella de vidrio de 33 cl.;2.75;https://tienda.productostipicosregionales.es/cerveza/774-cerveza-castana-cerex-33-cl.html;https://tienda.productostipicosregionales.es/932-home_default/cerveza-castana-cerex-33-cl.jpg
Cerveza Cereza Cerex 33 cl;Cerveza que combina a la perfección la acidez del carbónico, el dulzor de las cerezas y el amargor del lúpulo. Aromas de frutales y florales. 5% Vol. Se presenta en botella de vidrio de 33 cl.;2.75;https://tienda.productostipicosregionales.es/cerveza/775-cerveza-cereza-cerex-33-cl.html;https://tienda.productostipicosregionales.es/933-home_default/cerveza-cereza-cerex-33-cl.jpg
Cerveza Ibérica de Bellota Cerex 33 cl;Cerveza tostada con toques de naranja, nuez y frutos secos. Aroma rústico y notas de pasto húmedo y bellotas. 6,5% Vol. Se presenta en botella de vidrio de 33 cl.;2.75;https://tienda.productostipicosregionales.es/cerveza/773-cerveza-iberica-de-bellota-cerex-33-cl.html;https://tienda.productostipicosregionales.es/931-home_default/cerveza-iberica-de-bellota-cerex-33-cl.jpg
Cerveza Pilsen 5 Cerex 33 cl;Cerveza dorada con sabor a pan recién horneado y un sorprendente final cítrico. 5% Vol. Se presenta en botella de vidrio de 33 cl.;2.75;https://tienda.productostipicosregionales.es/cerveza/776-cerveza-pilsen-5-cerex-33-cl.html;https://tienda.productostipicosregionales.es/934-home_default/cerveza-pilsen-5-cerex-33-cl.jpg
Champiñón Laminado Juker 660 gr;Champiñón laminado de primera calidad de Pradejón (La Rioja), cocinado en fresco tras su inmediata recogida en cultivo. Se presenta en tarro de 660 gr. Peso Neto Escurrido: 355g.;3.50;https://tienda.productostipicosregionales.es/conservas-vegetales/297-champinon-laminado-juker-660-gr.html;https://tienda.productostipicosregionales.es/325-home_default/champinon-laminado-juker-660-gr.jpg
Chipirones En Su Tinta Agromar 230 Gr;Chipirones en su tinta seleccionados y empacados cuidadosamente a mano para su perfecta presentación. Producto natural sin conservantes ni colorantes. Se presenta en tarro de vidrio de 230 gr. Peso Neto Escurrido: 150 g.;10.50;https://tienda.productostipicosregionales.es/plato-de-tenedor/1355-chipirones-en-su-tinta-agromar-230-gr.html;https://tienda.productostipicosregionales.es/2172-home_default/chipirones-en-su-tinta-agromar-230-gr.jpg
Chipirones Rellenos en su Tinta 6/8 p. Conservas de Cambados...;Chipirones en su tinta y rellenos de sus propios tentáculos, seleccionados y empacados cuidadosamente a mano para su perfecta presentación. Producto natural sin conservantes ni colorantes. Se presenta en lata decoración red con abre-fácil de 120 ml. Peso Neto Escurrido: 72 g.;6.95;https://tienda.productostipicosregionales.es/conservas-del-mar/1325-chipirones-rellenos-en-su-tinta-6-8-p-conservas-de-cambados-gourmet-120-ml.html;https://tienda.productostipicosregionales.es/1698-home_default/chipirones-rellenos-en-su-tinta-6-8-p-conservas-de-cambados-gourmet-120-ml.jpg
Chocolate Blanco con Limón La Tierra del Artesano 300 gr;Exquisito chocolate blanco elaborado de forma artesana y combinado con un toque de limón, dando lugar a un chocolate dulce por la presencia de la vainilla y el azúcar, pero con un ligero sabor amargo aportado por el limón. 24% de cacao mínimo. Se presenta en formato “lingote” de 300 gr.;9.50;https://tienda.productostipicosregionales.es/chocolates/221-chocolate-blanco-con-limon-la-tierra-del-artesano-300-gr.html;https://tienda.productostipicosregionales.es/737-home_default/chocolate-blanco-con-limon-la-tierra-del-artesano-300-gr.jpg
Chocolate con Almendras La Cepedana 50% Cacao 200 gr;Chocolate con almendras con un porcentaje mínimo del 50% de cacao. Artesanos del chocolate de Astorga desde 1903. Se presenta en tableta de 200 gr.;5.95;https://tienda.productostipicosregionales.es/chocolates/626-chocolate-con-almendras-la-cepedana-50-cacao-200-gr.html;https://tienda.productostipicosregionales.es/654-home_default/chocolate-con-almendras-la-cepedana-50-cacao-200-gr.jpg
Chocolate Extrafino con Leche La Cepedana 100 gr;Chocolate extrafino con leche con un porcentaje mínimo del 35% de cacao. Artesanos del chocolate de Astorga desde 1903. Se presenta en tableta de 200 gr.;3.25;https://tienda.productostipicosregionales.es/chocolates/631-chocolate-extrafino-con-leche-la-cepedana-100-gr.html;https://tienda.productostipicosregionales.es/659-home_default/chocolate-extrafino-con-leche-la-cepedana-100-gr.jpg
Chocolate Extrafino con Leche y Almendras Palacio Episcopal La...;Chocolate extrafino con leche y almendras con un porcentaje mínimo del 25% de cacao. Artesanos del chocolate de Astorga desde 1903. Se presenta en tableta con relieve del Palacio Episcopal de Astorga de 150 gr.;6.50;https://tienda.productostipicosregionales.es/chocolates/627-chocolate-extrafino-con-leche-y-almendras-palacio-episcopal-la-cepedana-150-gr.html;https://tienda.productostipicosregionales.es/655-home_default/chocolate-extrafino-con-leche-y-almendras-palacio-episcopal-la-cepedana-150-gr.jpg
Chocolate Extrafino con Leche y Avellanas La Cepedana 200 gr;Chocolate extrafino con leche y avellanas con un porcentaje mínimo del 25% de cacao. Artesanos del chocolate de Astorga desde 1903. Se presenta en tableta de 200 gr.;5.95;https://tienda.productostipicosregionales.es/chocolates/624-chocolate-extrafino-con-leche-y-avellanas-la-cepedana-200-gr.html;https://tienda.productostipicosregionales.es/652-home_default/chocolate-extrafino-con-leche-y-avellanas-la-cepedana-200-gr.jpg
Chocolate Extrafino con Leche, Almendras y Pasas La Cepedana 200 gr;Chocolate extrafino con leche, almendras y pasas con un porcentaje mínimo del 25% de cacao. Artesanos del chocolate de Astorga desde 1903. Se presenta en tableta de 200 gr.;5.95;https://tienda.productostipicosregionales.es/chocolates/625-chocolate-extrafino-con-leche-almendras-y-pasas-la-cepedana-200-gr.html;https://tienda.productostipicosregionales.es/653-home_default/chocolate-extrafino-con-leche-almendras-y-pasas-la-cepedana-200-gr.jpg
Chocolate Familiar a la Taza La Cepedana 300 gr;Chocolate familiar a la taza con un porcentaje MÍNIMO DEL 30% de cacao. Artesanos del chocolate de Astorga desde 1903. Se presenta en tableta de 300 gr.;5.50;https://tienda.productostipicosregionales.es/chocolates/622-chocolate-familiar-a-la-taza-la-cepedana-300-gr.html;https://tienda.productostipicosregionales.es/1128-home_default/chocolate-familiar-a-la-taza-la-cepedana-300-gr.jpg
Chocolate Instantáneo La Cepedana 1000 gr;Chocolate instantáneo con un porcentaje mínimo del 25% de cacao. Artesanos del chocolate de Astorga desde 1903. Se presenta en bolsa de 1000 gr.;8.95;https://tienda.productostipicosregionales.es/chocolates/623-chocolate-instantaneo-la-cepedana-1000-gr.html;https://tienda.productostipicosregionales.es/651-home_default/chocolate-instantaneo-la-cepedana-1000-gr.jpg
Chocolate Negro con Almendras La Cepedana 80% Cacao 200 gr;Chocolate negro con almendras con un porcentaje mínimo del 80% de cacao. Artesanos del chocolate de Astorga desde 1903. Se presenta en tableta de 200 gr.;5.95;https://tienda.productostipicosregionales.es/chocolates/629-chocolate-negro-con-almendras-la-cepedana-80-cacao-200-gr.html;https://tienda.productostipicosregionales.es/1127-home_default/chocolate-negro-con-almendras-la-cepedana-80-cacao-200-gr.jpg
Chocolate Negro con Almendras Palacio Episcopal La Cepedana 150 gr;Chocolate negro con almendras con un porcentaje mínimo del 25% de cacao. Artesanos del chocolate de Astorga desde 1903. Se presenta en tableta con relieve del Palacio Episcopal de Astorga de 150 gr.;6.50;https://tienda.productostipicosregionales.es/chocolates/628-chocolate-negro-con-almendras-palacio-episcopal-la-cepedana-150-gr.html;https://tienda.productostipicosregionales.es/656-home_default/chocolate-negro-con-almendras-palacio-episcopal-la-cepedana-150-gr.jpg
Chocolate Negro con Avellanas La Cepedana 80% Cacao 200 gr;Chocolate negro con avellanas con un porcentaje mínimo del 80% de cacao. Artesanos del chocolate de Astorga desde 1903. Se presenta en tableta de 200 gr.;5.95;https://tienda.productostipicosregionales.es/chocolates/1289-chocolate-negro-con-avellanas-la-cepedana-80-cacao-200-gr.html;https://tienda.productostipicosregionales.es/2010-home_default/chocolate-negro-con-avellanas-la-cepedana-80-cacao-200-gr.jpg
Chocolate Negro con Naranja La Tierra del Artesano 300 gr;Deliciosa combinación de chocolate negro (52% de cacao mínimo) con un toque de naranja natural. Dos sabores con personalidad propia en el que el toque cítrico de la naranjo enriquece el sabor amargo del chocolate. Se presenta en formato “lingote” de 300 gr.;9.50;https://tienda.productostipicosregionales.es/chocolates/220-chocolate-negro-con-naranja-la-tierra-del-artesano-300-gr.html;https://tienda.productostipicosregionales.es/736-home_default/chocolate-negro-con-naranja-la-tierra-del-artesano-300-gr.jpg
Chocolate Negro La Cepedana 80% Cacao 100 gr;Chocolate negro con un porcentaje mínimo del 80% de cacao. Artesanos del chocolate de Astorga desde 1903. Se presenta en tableta de 100 gr.;3.25;https://tienda.productostipicosregionales.es/chocolates/633-chocolate-negro-la-cepedana-80-cacao-100-gr.html;https://tienda.productostipicosregionales.es/661-home_default/chocolate-negro-la-cepedana-80-cacao-100-gr.jpg
Chocolate Negro La Cepedana 80% Cacao 200 gr;Chocolate negro con un porcentaje mínimo del 80% de cacao. Artesanos del chocolate de Astorga desde 1903. Se presenta en tableta de 200 gr.;5.95;https://tienda.productostipicosregionales.es/chocolates/632-chocolate-negro-la-cepedana-80-cacao-200-gr.html;https://tienda.productostipicosregionales.es/660-home_default/chocolate-negro-la-cepedana-80-cacao-200-gr.jpg
Chocolate Negro La Cepedana 80% Cacao 900 gr;Chocolate negro con un porcentaje mínimo del 80% de cacao. Artesanos del chocolate de Astorga desde 1903. Se presenta en tableta formato rústico de 900 gr.;22.50;https://tienda.productostipicosregionales.es/chocolates/630-chocolate-negro-la-cepedana-80-cacao-900-gr.html;https://tienda.productostipicosregionales.es/1126-home_default/chocolate-negro-la-cepedana-80-cacao-900-gr.jpg
ChufaMix Veggie Drinks Maker;Chufamix es el primer utensilio diseñado para exprimir, principalmente: semillas, frutos secos y cereales. Sólo necesitas tener una batidora de mano y 5 minutos de tu tiempo para disfrutar de una experiencia totalmente diferente elaborando leches vegetales naturales, con todos sus nutrientes y sabor originales. Fabricado en España.;38.95;https://tienda.productostipicosregionales.es/leches-vegetales/949-chufamix-veggie-drinks-maker.html;https://tienda.productostipicosregionales.es/1243-home_default/chufamix-veggie-drinks-maker.jpg
Cocido Madrileño producción ecológica Cachopo 445 cc;Típica receta madrileña elaborada con garbanzos, carne y embutido de gran calidad. Todos los ingredientes son de producción ecológica. Se presenta en tarro de vidrio de 445 cc.;4.75;https://tienda.productostipicosregionales.es/plato-de-cuchara/1009-cocido-madrileno-produccion-ecologica-cachopo.html;https://tienda.productostipicosregionales.es/1318-home_default/cocido-madrileno-produccion-ecologica-cachopo.jpg
Cocido Madrileño producción ecológica Cachopo 700 gr;Típica receta madrileña elaborada con garbanzos, carne y embutido de gran calidad. Todos los ingredientes son de producción ecológica. Se presenta en tarro de vidrio de 700grc;7.50;https://tienda.productostipicosregionales.es/plato-de-cuchara/45-cocido-madrileno-produccion-ecologica-cachopo-720-cc.html;https://tienda.productostipicosregionales.es/62-home_default/cocido-madrileno-produccion-ecologica-cachopo-720-cc.jpg
Conserva de Agujas en Aceite de Oliva 8/12 Pequeñas Conservas de...;Pescado azul caracterizado por su carne densa y sabor intenso. Empacadas a mano y elaboradas en aceite de oliva. Se presenta en lata decoración red con abre-fácil de 120 ml. Peso Neto Escurrido: 78 g.;4.75;https://tienda.productostipicosregionales.es/conservas-del-mar/1124-conserva-de-agujas-en-aceite-de-oliva-812-pequenas-conservas-de-cambados-gourmet-120-ml.html;https://tienda.productostipicosregionales.es/1460-home_default/conserva-de-agujas-en-aceite-de-oliva-812-pequenas-conservas-de-cambados-gourmet-120-ml.jpg
Conserva de Atún en Aceite de Oliva La Chanca 1000 gr;Se trata de la variedad de atún denominada Yellowfin, caracterizado por tener las aletas amarillas. En el proceso de elaboración escogemos las partes más grasas del pescado (solomillo) y elaboramos este preciado producto. Se presenta en lata DE 1000 gr. Peso Neto Escurrido: 650g.;14.50;https://tienda.productostipicosregionales.es/conservas-del-mar/468-conserva-de-atun-en-aceite-de-oliva-la-chanca-1000-gr.html;https://tienda.productostipicosregionales.es/496-home_default/conserva-de-atun-en-aceite-de-oliva-la-chanca-1000-gr.jpg
Conserva de Atún en Aceite de Oliva La Chanca 125 gr;Se trata de la variedad de atún denominada Yellowfin, caracterizado por tener las aletas amarillas. En el proceso de elaboración escogemos las partes más grasas del pescado (solomillo) y elaboramos este preciado producto. Se presenta en lata estuchada con abre-fácil de 125 gr. Peso Neto Escurrido: 85g.;3.25;https://tienda.productostipicosregionales.es/conservas-del-mar/466-conserva-de-atun-en-aceite-de-oliva-la-chanca-125-gr.html;https://tienda.productostipicosregionales.es/494-home_default/conserva-de-atun-en-aceite-de-oliva-la-chanca-125-gr.jpg
Conserva de Atún en Aceite de Oliva La Chanca 525 gr;Se trata de la variedad de atún denominada Yellowfin, caracterizado por tener las aletas amarillas. En el proceso de elaboración escogemos las partes más grasas del pescado (solomillo) y elaboramos este preciado producto. Se presenta en lata estuchada con abre-fácil de 525 gr. Peso Neto Escurrido: 385g.;9.50;https://tienda.productostipicosregionales.es/conservas-del-mar/467-conserva-de-atun-en-aceite-de-oliva-la-chanca-525-gr.html;https://tienda.productostipicosregionales.es/495-home_default/conserva-de-atun-en-aceite-de-oliva-la-chanca-525-gr.jpg
Conserva de Boquerones Fritos en Aceite de Oliva La Chanca 125 gr;En Barbate existe una gran flota artesanal dedicada a la pesca del boquerón, lo que repercute en la calidad y frescura de este producto. Se presenta en lata estuchada con abre-fácil de 85 gr.;3.95;https://tienda.productostipicosregionales.es/conservas-del-mar/470-conserva-de-boquerones-fritos-en-aceite-de-oliva-la-chanca-125-gr.html;https://tienda.productostipicosregionales.es/498-home_default/conserva-de-boquerones-fritos-en-aceite-de-oliva-la-chanca-125-gr.jpg
Conserva de Filetes de Caballa en Aceite de Oliva La Chanca 125 gr;La Flota artesanal de Barbate captura diariamente esta especie, lo que hace que su frescura sea absoluta al elaborar el producto. Se presenta en lata estuchada con abre-fácil de 125 gr. Peso Neto Escurrido: 85g.;3.95;https://tienda.productostipicosregionales.es/conservas-del-mar/463-conserva-de-filetes-de-caballa-en-aceite-de-oliva-la-chanca-125-gr.html;https://tienda.productostipicosregionales.es/491-home_default/conserva-de-filetes-de-caballa-en-aceite-de-oliva-la-chanca-125-gr.jpg
Conserva de Filetes de Melva Canutera en Aceite de Oliva La Chanca...;La melva es una especie abundante en la costa gaditana, lo que garantiza su frescura en la elaboración. Se caracteriza por su fina textura y suave paladar. Se presenta en lata estuchada con abre-fácil de 125 gr. Peso Neto Escurrido: 85g.;6.50;https://tienda.productostipicosregionales.es/conservas-del-mar/461-conserva-de-filetes-de-melva-canutera-en-aceite-de-oliva-la-chanca-125-gr.html;https://tienda.productostipicosregionales.es/489-home_default/conserva-de-filetes-de-melva-canutera-en-aceite-de-oliva-la-chanca-125-gr.jpg
Conserva de Lomos de Bonito del Norte en Aceite de Oliva Ana María...;Lomos de Bonito del Norte de la Costera Cantábrica en aceite de oliva, elaborados de forma tradicional por Conservas Ana María (Santoña). Serie Oro. Se presenta en tarro de vidrio de 215 gr. Peso Neto Escurrido: 125g.;6.50;https://tienda.productostipicosregionales.es/conservas-del-mar/403-conserva-de-lomos-de-bonito-del-norte-en-aceite-de-oliva-ana-maria-215-gr.html;https://tienda.productostipicosregionales.es/431-home_default/conserva-de-lomos-de-bonito-del-norte-en-aceite-de-oliva-ana-maria-215-gr.jpg
Conserva de Lomos de Bonito del Norte en Aceite de Oliva Ana María...;Lomos de Bonito del Norte de la Costera Cantábrica en aceite de oliva, elaborados de forma tradicional por Conservas Ana María (Santoña). Serie Oro. Se presenta en tarro de vidrio de 320 g. Peso Neto Escurrido: 220g.;9.50;https://tienda.productostipicosregionales.es/inicio/1042-conserva-de-lomos-de-bonito-del-norte-en-aceite-de-oliva-ana-maria-320-g.html;https://tienda.productostipicosregionales.es/1365-home_default/conserva-de-lomos-de-bonito-del-norte-en-aceite-de-oliva-ana-maria-320-g.jpg
Conserva de Mejillones en Escabeche 6/8 La Chanca 125 gr;Mejillón gigante gallego conservado en salsa de escabeche. Se presenta en lata estuchada de 125 gr. Peso Neto Escurrido: 70g.;4.50;https://tienda.productostipicosregionales.es/conservas-del-mar/471-conserva-de-mejillones-en-escabeche-68-la-chanca-125-gr.html;https://tienda.productostipicosregionales.es/499-home_default/conserva-de-mejillones-en-escabeche-68-la-chanca-125-gr.jpg
Conserva de Navajas al Natural 4/6 p. Conservas de Cambados Gourmet...;Navajas al natural, depuradas y sin arenas, seleccionadas y empacadas de forma manual para su perfecta presentación. Se presenta en lata decoración red con abre-fácil de 120 ml. Peso Neto Escurrido: 63 g.;7.95;https://tienda.productostipicosregionales.es/conservas-del-mar/1322-conserva-de-navajas-al-natural-4-6-p-conservas-de-cambados-gourmet-120-ml.html;https://tienda.productostipicosregionales.es/1695-home_default/conserva-de-navajas-al-natural-4-6-p-conservas-de-cambados-gourmet-120-ml.jpg
Conserva de Pulpo a la Gallega Gourmet Conservas de Cambados 120 ml;Producto típico de la gastronomía gallega que goza de un especial prestigio. Proceso de elaboración artesanal, en el que se le añade al producto la reconocida salsa marinera. Se presenta en lata decoración red con abre-fácil de 120 ml. Peso Neto Escurrido:67g.;6.50;https://tienda.productostipicosregionales.es/conservas-del-mar/706-conserva-de-pulpo-a-la-gallega-gourmet-conservas-de-cambados-120-ml.html;https://tienda.productostipicosregionales.es/1154-home_default/conserva-de-pulpo-a-la-gallega-gourmet-conservas-de-cambados-120-ml.jpg
Conserva de Sardinas en Aceite de Oliva 16/22 p. Conservas de...;Sardinillas seleccionadas por su calidad y tamaño, de textura suave y jugosa. Empacadas a mano y elaboradas en aceite de oliva. Se presenta en lata decoración red con abre-fácil de 125 ml. Peso Neto EScurrido: 80 g.;5.50;https://tienda.productostipicosregionales.es/conservas-del-mar/704-conserva-de-sardinas-en-aceite-de-oliva-1622-p-conservas-de-cambados-gourmet-125-ml.html;https://tienda.productostipicosregionales.es/946-home_default/conserva-de-sardinas-en-aceite-de-oliva-1622-p-conservas-de-cambados-gourmet-125-ml.jpg
Conserva de Sardinillas en Aceite de Oliva Ana María 260 gr;Sardinillas en aceite de oliva elaboradas de forma tradicional por conservas Ana María (Santoña). Se presenta en lata "pandereta" de 260 gr. Peso Neto Escurrido: 180 g.;5.75;https://tienda.productostipicosregionales.es/conservas-del-mar/1267-conserva-de-sardinillas-en-aceite-de-oliva-ana-maria-260-gr.html;https://tienda.productostipicosregionales.es/1635-home_default/conserva-de-sardinillas-en-aceite-de-oliva-ana-maria-260-gr.jpg
Conserva de Ventresca de Atún en Aceite de Oliva La Chanca 125 gr;La ventresca es una de las partes más apreciadas del atún, al ser especialmente sabroso y suave al paladar. Se presenta en lata estuchada con abre-fácil de 125 gr. Peso Neto Escurrido: 85g.;5.50;https://tienda.productostipicosregionales.es/conservas-del-mar/462-conserva-de-ventresca-de-atun-en-aceite-de-oliva-la-chanca-125-gr.html;https://tienda.productostipicosregionales.es/490-home_default/conserva-de-ventresca-de-atun-en-aceite-de-oliva-la-chanca-125-gr.jpg
Conserva Sardinas en Aceite de Oliva 12/16p Ana María 115 g;Sardinillas en aceite de oliva 12/16 piezas de Conservas Ana María (Santoña). Elaboración Tradicional. Se presenta en lata estuchada de 115 g. Peso Neto Escurrido: 81 g.;3.75;https://tienda.productostipicosregionales.es/conservas-del-mar/1044-conserva-sardinas-en-aceite-de-oliva-ana-maria.html;https://tienda.productostipicosregionales.es/1367-home_default/conserva-sardinas-en-aceite-de-oliva-ana-maria.jpg
Conseva de Lomos de Bonito del Norte en Escabeche Ana María 190 gr;Lomos del Bonito del Norte de la Costera Cantábrica en escabeche, elaborados de forma tradicional por Conservas Ana María (Santoña). Se presenta en tarro de vidrio de 190 gr. Peso Neto Escurrido: 125 g.;6.25;https://tienda.productostipicosregionales.es/conservas-del-mar/1266-conseva-de-lomos-de-bonito-del-norte-en-escabeche-ana-maria-190-gr.html;https://tienda.productostipicosregionales.es/1634-home_default/conseva-de-lomos-de-bonito-del-norte-en-escabeche-ana-maria-190-gr.jpg
Corazones de Alcachofa al Natural Extra Juker 660 gr;Corazones de alcachofa de temporada, pelados y cortados a mano. Un producto natural elaborado sin conservantes añadidos, manteniendo su color y sabor originales. Se presenta en tarro de vidrio de 660 gr. Peso Neto Escurrido: 410g.;9.50;https://tienda.productostipicosregionales.es/conservas-vegetales/298-corazones-de-alcachofa-al-natural-extra-juker-660-gr.html;https://tienda.productostipicosregionales.es/326-home_default/corazones-de-alcachofa-al-natural-extra-juker-660-gr.jpg
Crema de Verduras Juker 500 gr;Nutritiva crema de alcachofa, patata, alubia verde y espinacas, recolectadas en la huerta riojana y trituradas de forma manual. Se presenta en botellín de vidrio de 500 gr.;2.30;https://tienda.productostipicosregionales.es/plato-de-cuchara/307-crema-de-verduras-juker-500-gr.html;https://tienda.productostipicosregionales.es/335-home_default/crema-de-verduras-juker-500-gr.jpg
Dulce de Manzana Reineta del Bierzo S.A.T. El Artesano Raúl...;Dulce elaborado con manzana reineta del Bierzo (Carracedelo - León) por S.A.T. El Artesano Raúl Valcarce. Se presenta en tarrina con estuche de madera de 415 gr.;5.25;https://tienda.productostipicosregionales.es/mermeladas-y-confituras/1284-dulce-de-manzana-reineta-del-bierzo-sat-el-artesano-raul-valcarce-415-gr.html;https://tienda.productostipicosregionales.es/1652-home_default/dulce-de-manzana-reineta-del-bierzo-sat-el-artesano-raul-valcarce-415-gr.jpg
Dulce de Membrillo S.A.T. El Artesano Raúl Valcarce 430 gr;Dulce de membrillo del Bierzo (Carracedelo-León) elaborado por la Sociedad Agraria de Transformación El Artesano Raúl Valcarce. Se presenta en tarrina con estuche de madera de 430 gr.;6.50;https://tienda.productostipicosregionales.es/mermeladas-y-confituras/863-dulce-de-membrillo-sat-el-artesano-raul-valcarce-430-gr.html;https://tienda.productostipicosregionales.es/1102-home_default/dulce-de-membrillo-sat-el-artesano-raul-valcarce-430-gr.jpg
Embutido Chorizo de Aldea Tierra Astur 400 gr;Auténtico chorizo asturiano ahumado de calidad extra. Se presenta en paquetes de 4 unidades (400 gr aprox.) envasados al vacío.;6.25;https://tienda.productostipicosregionales.es/cerdo/255-embutido-chorizo-de-aldea-tierra-astur-400-gr.html;https://tienda.productostipicosregionales.es/852-home_default/embutido-chorizo-de-aldea-tierra-astur-400-gr.jpg
Embutido Chorizo de Buey Extra El Montañés – Vegacervera 550 gr;Chorizo extra elaborado con las mejores partes magras del buey y panceta de cerdo en la localidad de Vegacervera, situada en el extremo Norte de la provincia de León. Producto artesano. Curación natural. Se presenta en herradura de 600 gr. aprox. envasada al vacío.;11.50;https://tienda.productostipicosregionales.es/buey/674-embutido-chorizo-de-buey-extra-el-montanes-vegacervera-600-gr.html;https://tienda.productostipicosregionales.es/1014-home_default/embutido-chorizo-de-buey-extra-el-montanes-vegacervera-600-gr.jpg
Embutido Chorizo Extra El Montañés – Vegacervera 550 gr;Chorizo extra elaborado con las mejores partes magras del cerdo en la localidad de Vegacervera, situada en el extremo Norte de la provincia de León. Producto artesano. Curación natural. Se presenta en herradura de 600 gr. aprox. envasada al vacío.;9.75;https://tienda.productostipicosregionales.es/cerdo/672-embutido-chorizo-extra-el-montanes-vegacervera-600-gr.html;https://tienda.productostipicosregionales.es/1012-home_default/embutido-chorizo-extra-el-montanes-vegacervera-600-gr.jpg
Embutido Chorizo Picante Extra El Montañés – Vegacervera 550 gr;Chorizo picante extra elaborado con las mejores partes magras del cerdo en la localidad de Vegacervera, situada en el extremo Norte de la provincia de León. Producto artesano. Curación natural. Se presenta en herradura de 600 gr. aprox. envasada al vacío.;9.75;https://tienda.productostipicosregionales.es/cerdo/673-embutido-chorizo-picante-extra-el-montanes-vegacervera-600-gr.html;https://tienda.productostipicosregionales.es/1013-home_default/embutido-chorizo-picante-extra-el-montanes-vegacervera-600-gr.jpg
Embutido Compango para ½ kg. De Fabada Tierra Astur 440 gr;Compango de excelente calidad con los ingredientes necesarios (chorizo, morcilla, panceta, lacón) para preparar fabadas y potes típicos asturianos. Se presenta en paquete de 440 gr. aprox. envasado al vacío.;8.25;https://tienda.productostipicosregionales.es/cerdo/256-embutido-compango-para-kg-de-fabada-tierra-astur-500-gr.html;https://tienda.productostipicosregionales.es/853-home_default/embutido-compango-para-kg-de-fabada-tierra-astur-500-gr.jpg
Embutido Longaniza de Chivo Artesana La Pradera 350 gr;Longaniza de Chivo elaborada de forma artesanal por Embutidos La Pradera (Fontún – León). Sin Lactosa y sin gluten. Se presenta en formato herradura de 350 gr envasado en atmósfera protectora.;5.25;https://tienda.productostipicosregionales.es/caza/1015-embutido-longaniza-de-chivo-artesana-la-pradera.html;https://tienda.productostipicosregionales.es/1328-home_default/embutido-longaniza-de-chivo-artesana-la-pradera.jpg
Embutido Salchichón Artesano La Pradera 600 gr;Salchichón elaborado de forma artesanal por Embutidos La Pradera (Fontún – León). Sin gluten. Se presenta en formato barra de 600 gr envasado al vacío.;8.75;https://tienda.productostipicosregionales.es/cerdo/1014-embutido-salchichon-artesano-la-pradera.html;https://tienda.productostipicosregionales.es/1327-home_default/embutido-salchichon-artesano-la-pradera.jpg
Embutido Salchichón Cular Extra El Montañés – Vegacervera 1 kg;Salchichón cular extra elaborado con carne de cerdo de gran calidad en la localidad de Vegacervera, situada en el extremo Norte de la provincia de León. Producto artesano. Curación natural. Se presenta en 2 piezas de 500 g. aprox. envasada al vacío.;16.50;https://tienda.productostipicosregionales.es/cerdo/676-embutido-salchichon-cular-extra-el-montanes-vegacervera-1-kg.html;https://tienda.productostipicosregionales.es/1009-home_default/embutido-salchichon-cular-extra-el-montanes-vegacervera-1-kg.jpg
Embutido Salchichón Extra El Montañés – Vegacervera 550 gr;Salchichón extra elaborado con carne de cerdo de gran calidad en la localidad de Vegacervera, situada en el extremo Norte de la provincia de León. Producto artesano. Curación natural. Se presenta en herradura de 550 gr. aprox. envasada al vacío.;9.75;https://tienda.productostipicosregionales.es/cerdo/675-embutido-salchichon-extra-el-montanes-vegacervera-550-gr.html;https://tienda.productostipicosregionales.es/1008-home_default/embutido-salchichon-extra-el-montanes-vegacervera-550-gr.jpg
Espaguetis Integrales Ecológicos RietVell 500 gr;Pasta elaborada con trigo duro (Triticum Durum) procedente de cultivos ecológicos extensivos y de secano, de fincas ubicadas en áreas esteparias de Belchite o Los Monegros (Aragón). Cuando usted adquiere un producto RietVell está ayudando a conservar especies y ecosistemas únicos en Europa, y también a promover el desarrollo socioeconómico de áreas...;3.50;https://tienda.productostipicosregionales.es/pasta/840-espaguetis-integrales-ecologicos-rietvell-500-gr.html;https://tienda.productostipicosregionales.es/1079-home_default/espaguetis-integrales-ecologicos-rietvell-500-gr.jpg
Espárragos Blancos Extra 6/8 frutos Juker 390 g;Espárragos blancos extra 6/8 frutos muy gruesos de primera calidad, pelados a mano, recolectados en la huerta riojana y elaborados únicamente con agua y sal. Se presenta en lata rectangular de 390 g. Peso Neto Escurrido: 250g.;7.75;https://tienda.productostipicosregionales.es/conservas-vegetales/1088-esparragos-blancos-extra.html;https://tienda.productostipicosregionales.es/1418-home_default/esparragos-blancos-extra.jpg
Fabada Asturiana Tierra Astur 765 gr – I.G.P. Faba Asturiana;Fabada asturiana tierra Astur elaboradas con auténticas fabes amparadas por la Identidad Geogáfica Protegida I.G.P. Faba Asturiana, acompañadas de compango de la más alta calidad. Se presenta en lata con abre fácil de 765 gr.;9.50;https://tienda.productostipicosregionales.es/plato-de-cuchara/226-fabada-asturiana-tierra-astur-765-gr-igp-faba-asturiana.html;https://tienda.productostipicosregionales.es/741-home_default/fabada-asturiana-tierra-astur-765-gr-igp-faba-asturiana.jpg
Fabes con Almejas Agromar 420 gr;Las fabes con almejas son una deliciosa receta de la cocina asturiana, preparadas con fabes especiales de la granja. Sin ningún aditivo adicional. Se presenta en lata de 420 gr.;6.75;https://tienda.productostipicosregionales.es/plato-de-cuchara/229-fabes-con-almejas-agromar-420-gr.html;https://tienda.productostipicosregionales.es/257-home_default/fabes-con-almejas-agromar-420-gr.jpg
Fideos a la Cazuela con Setas y Gambas Monbolet 350 gr;Estupenda receta de fideos a la cazuela con setas y gambas con todos los ingredientes necesarios. Se presenta en tarro de vidrio de 350 gr.;8.50;https://tienda.productostipicosregionales.es/fideua/1034-fideos-a-la-cazuela-con-setas-y-gambas-monbolet.html;https://tienda.productostipicosregionales.es/1356-home_default/fideos-a-la-cazuela-con-setas-y-gambas-monbolet.jpg
Fideuá de Boletus Monbolet 350 gr;Exitosa combinación de pasta y setas de los Pirineos. Producto 100% natural, sin conservantes, colorantes ni aromas artificiales. Se presenta en tarro de vidrio de 350 gr.;6.50;https://tienda.productostipicosregionales.es/plato-de-tenedor/483-fideua-de-boletus-monbolet-350-gr.html;https://tienda.productostipicosregionales.es/511-home_default/fideua-de-boletus-monbolet-350-gr.jpg
Fideuá de Montaña Monbolet 350 gr;Exitosa combinación de pasta y setas de los Pirineos. Producto 100% natural, sin conservantes, colorantes ni aromas artificiales. Se presenta en tarro de vidrio de 350 gr.;6.50;https://tienda.productostipicosregionales.es/plato-de-tenedor/485-fideua-de-montana-monbolet-350-gr.html;https://tienda.productostipicosregionales.es/513-home_default/fideua-de-montana-monbolet-350-gr.jpg
Fideuá de Oronja Monbolet 350 gr;Exitosa combinación de pasta y setas de los Pirineos. Producto 100% natural, sin conservantes, colorantes ni aromas artificiales. Se presenta en tarro de vidrio de 350 gr.;6.50;https://tienda.productostipicosregionales.es/plato-de-tenedor/487-fideua-de-oronja-monbolet-350-gr.html;https://tienda.productostipicosregionales.es/783-home_default/fideua-de-oronja-monbolet-350-gr.jpg
Fideuá de Trompetas Monbolet 350 gr;Exitosa combinación de pasta y setas de los Pirineos. Producto 100% natural, sin conservantes, colorantes ni aromas artificiales. Se presenta en tarro de vidrio de 350 gr.;6.50;https://tienda.productostipicosregionales.es/plato-de-tenedor/489-fideua-de-trompetas-monbolet-350-gr.html;https://tienda.productostipicosregionales.es/517-home_default/fideua-de-trompetas-monbolet-350-gr.jpg
Filetes De Atún Rojo En Aceite De Oliva La Chanca 225 gr;Filete de Atún Rojo de almadraba envasado en aceite de oliva por La Chanca (Barbate) y presentado en tarro de vidrio de 225 gr. Peso Neto Escurrido: 150 g.;14.95;https://tienda.productostipicosregionales.es/conservas-del-mar/1379-filetes-de-atun-rojo-en-aceite-de-oliva-la-chanca-225-gr.html;https://tienda.productostipicosregionales.es/2207-home_default/filetes-de-atun-rojo-en-aceite-de-oliva-la-chanca-225-gr.jpg
Garbanzo Pico Pardal Vegas Bañezanas 1 kg;El mejor garbanzo nacional envasado por Vegas Bañezanas bajo su marca Pico Pardal. Se presenta en saquito de tela de 1 kg.;3.75;https://tienda.productostipicosregionales.es/legumbres/643-garbanzo-pico-pardal-vegas-banezanas-1-kg.html;https://tienda.productostipicosregionales.es/2279-home_default/garbanzo-pico-pardal-vegas-banezanas-1-kg.jpg
Garbanzo Pico Pardal Vegas Bañezanas 500 gr;El mejor garbanzo nacional envasado por Vegas Bañezanas bajo su marca Pico Pardal. Se presenta en saquito de tela de 500 gr.;1.95;https://tienda.productostipicosregionales.es/legumbres/642-garbanzo-pico-pardal-vegas-banezanas-500-gr.html;https://tienda.productostipicosregionales.es/2278-home_default/garbanzo-pico-pardal-vegas-banezanas-500-gr.jpg
Garbanzos al Natural Extra Juker 315 gr;Garbanzo lechoso de primera calidad, cocido y listo para consumir solo o en platos variados. Se presenta en tarro de vidrio de 315 gr. Peso Neto Escurrido: 205gr.;2.25;https://tienda.productostipicosregionales.es/legumbres/286-garbanzos-al-natural-extra-juker-315-gr.html;https://tienda.productostipicosregionales.es/314-home_default/garbanzos-al-natural-extra-juker-315-gr.jpg
Garbanzos al Natural Extra Juker 660 gr;Garbanzo lechoso de primera calidad, cocido y listo para consumir solo o en platos variados. Se presenta en tarro de vidrio de 660 gr. Peso Neto Escurrido: 425g.;2.95;https://tienda.productostipicosregionales.es/legumbres/287-garbanzos-al-natural-extra-juker-660-gr.html;https://tienda.productostipicosregionales.es/315-home_default/garbanzos-al-natural-extra-juker-660-gr.jpg
Garbanzos cocidos producción ecológica Cachopo 720 cc;Garbanzos suaves, tiernos y de piel muy fina ofrecen un sabor dulce que resulta muy agradable. Quedará sorprendido al consumir estos grabanzos presentados en su forma más natural al punto de sal y cocción. Producto de cultivo ecológico. Se presenta en tarro de vidrio de 720 cc. Peso Neto Escurrido: 440 gr.;3.25;https://tienda.productostipicosregionales.es/plato-de-cuchara/46-garbanzos-cocidos-produccion-ecologica-cachopo-720-cc.html;https://tienda.productostipicosregionales.es/63-home_default/garbanzos-cocidos-produccion-ecologica-cachopo-720-cc.jpg
Garbanzos estofados producción ecológica Cachopo 400g;Escogidos a mano, esta original presentación de garbanzos estofados puede ser un primer plato muy nutritivo. Se pueden acompañar de huevo cocido, trozos de jamón, bacon o chorizo. Se presenta en tarro de vidrio de 400 g.;3.50;https://tienda.productostipicosregionales.es/plato-de-cuchara/48-garbanzos-estofados-produccion-ecologica-cachopo-445-cc.html;https://tienda.productostipicosregionales.es/65-home_default/garbanzos-estofados-produccion-ecologica-cachopo-445-cc.jpg
Ginebra London Dry Gin Bunker Origen 70 cl;Ginebra Bunker, hasta ahora, la única ginegra de León elaborada en León. De origen cereal y sin azúcares añadidos. 40% Vol. Se presenta en frasca de vidrio con tapón de corcho de 1 litro.;37.50;https://tienda.productostipicosregionales.es/destilados/1176-ginebra-london-dry-gin-bunker-premium-70-cl.html;https://tienda.productostipicosregionales.es/2252-home_default/ginebra-london-dry-gin-bunker-premium-70-cl.jpg
Ginebra London Dry Gin Bunker Premium 5 Destilaciones 70 cl;Nueva Ginebra Bunker (al igual que su hermana Bunker Origen) elaborada en León, de origen cereal y sin aditivos ni azúcares añadidos. Elaborada de forma artesanal en alambique de cobre de alta tecnología. 5 destilaciones. 40% Vol. Se presenta en frasca de vidrio esmerillado con tapón de corcho de 1 litro.;32.50;https://tienda.productostipicosregionales.es/destilados/1288-ginebra-london-dry-gin-bunker-premium-5-destilaciones-70-cl.html;https://tienda.productostipicosregionales.es/1656-home_default/ginebra-london-dry-gin-bunker-premium-5-destilaciones-70-cl.jpg
Ginebra Premium 987 70 cl;987 es una London Dry Gin 100% destilada de corte moderno, con toques de hierbas aromáticas y cítricos. Elaborada con 8 destilaciones, realizadas en alambiques de cobre tipo pot still a partir de la maceración de 14 diferentes botánicos y cítricos. 40% Vol. Se presenta en botella de vidrio de 70 cl.;28.50;https://tienda.productostipicosregionales.es/destilados/559-ginebra-premium-987-70-cl.html;https://tienda.productostipicosregionales.es/842-home_default/ginebra-premium-987-70-cl.jpg
Ginebra Premium As De Picos 70 Cl;Ginebra artesana Premium, tipo London Dry Gin, elaborada con agua de los Picos de Europa y botánicos destilados en Alquitara Tradicional Lebaniega. 44% Vol. Se presenta en frasca de cristal de 70 cl.;24.75;https://tienda.productostipicosregionales.es/destilados/1363-ginebra-premium-as-de-picos-70-cl.html;https://tienda.productostipicosregionales.es/2215-home_default/ginebra-premium-as-de-picos-70-cl.jpg
Ginebra Premium El Molín 70 cl;Ginebra Premium elaborada en Asturias, elaborada a partir de enebro, piel de naranja y limón, destilada en alquitara de cobre para una mejor conservación de todos sus aromas. 40% Vol. Se presenta en botella de vidrio de 70 cl.;24.50;https://tienda.productostipicosregionales.es/destilados/214-ginebra-premium-el-molin-70-cl.html;https://tienda.productostipicosregionales.es/979-home_default/ginebra-premium-el-molin-70-cl.jpg
Ginebra Premium Siderit 70 cl;Siderit es una London Dry Gin hecha a mano en la micro destilería Siderit, situada en tierras de Cantabria. De la pericia de sus maestros destiladores Leivas y Prieto, nace una gin neutra, fácilmente combinable, con presencia cítrica y herbal en nariz que recuerda al paisaje verde y húmedo de las montañas cántabras. 43% Vol. Se presenta en botella de...;29.95;https://tienda.productostipicosregionales.es/destilados/380-ginebra-premium-siderit-70-cl.html;https://tienda.productostipicosregionales.es/408-home_default/ginebra-premium-siderit-70-cl.jpg
Guisante Fino Extra Juker 345 gr;Guisantes extra finos de primera calidad, recolectados en la huerta riojana y elaborados exclusivamente con agua y sal. Se presenta en tarro de vidrio de 345 gr. Peso Neto Escurrido:215g.;2.75;https://tienda.productostipicosregionales.es/conservas-vegetales/294-guisante-fino-extra-juker-345-gr.html;https://tienda.productostipicosregionales.es/764-home_default/guisante-fino-extra-juker-345-gr.jpg
Guisante Fino Extra Juker 660 gr;Guisantes extra finos de primera calidad, recolectados en la huerta riojana y elaborados exclusivamente con agua y sal. Se presenta en tarro de vidrio de 660 gr. Peso Neto Escurrido:425g.;2.90;https://tienda.productostipicosregionales.es/conservas-vegetales/295-guisante-fino-extra-juker-660-gr.html;https://tienda.productostipicosregionales.es/765-home_default/guisante-fino-extra-juker-660-gr.jpg
Higos Agridulces S.A.T. El Artesano Raúl Valcarce 300 gr;Elaborado por De lo Nuestro Artesano , S.L. en el Bierzo (Carracedelo – León). Producto de elaboración artesanal. Se presenta en tarro de vidrio de 300 gr. Peso Neto Escurrido 175g.;5.95;https://tienda.productostipicosregionales.es/conservas-dulces/574-higos-agridulces-sat-el-artesano-raul-valcarce-300-gr.html;https://tienda.productostipicosregionales.es/792-home_default/higos-agridulces-sat-el-artesano-raul-valcarce-300-gr.jpg
Higos en Aguardiente S.A.T. El Artesano Raúl Valcarce 300 gr;Elaborado por De lo Nuestro Artesano , S.L. en el Bierzo (Carracedelo – León). Producto de elaboración artesanal. Se presenta en tarro de vidrio de 300 gr. Peso Neto Escurrido: 175g.;6.50;https://tienda.productostipicosregionales.es/conservas-dulces/575-higos-en-aguardiente-sat-el-artesano-raul-valcarce-300-gr.html;https://tienda.productostipicosregionales.es/603-home_default/higos-en-aguardiente-sat-el-artesano-raul-valcarce-300-gr.jpg
Hojaldres de Astorga "Los Margatos";Hojaldres;6.95;https://tienda.productostipicosregionales.es/reposteria/1389-hojaldres-los-maragatos.html;https://tienda.productostipicosregionales.es/2306-home_default/hojaldres-los-maragatos.jpg
Jamón Loncheado El Montañés – Vegacervera 200 g;Jamón de cerdo loncheado y curado en la localidad de Vegacervera, situada en el extremo Norte de la provincia de León. Producto artesano. Curación natural. Se presenta en sobre de 200 g aprox. envasado al vacío.;6.95;https://tienda.productostipicosregionales.es/jamon-y-cecina/677-jamon-loncheado-el-montanes-vegacervera-200-g.html;https://tienda.productostipicosregionales.es/1015-home_default/jamon-loncheado-el-montanes-vegacervera-200-g.jpg
Judía Verde al Natural Juker 660 gr;La calidad de la judía verde riojana elaborada exclusivamente con agua y sal. Se presenta en tarro de vidrio de 660 gr. Peso Neto Escurrido:360g.;3.50;https://tienda.productostipicosregionales.es/conservas-vegetales/293-judia-verde-al-natural-juker-660-gr.html;https://tienda.productostipicosregionales.es/321-home_default/judia-verde-al-natural-juker-660-gr.jpg
Jugo para beber Aloe Vera Ecológico Penca Zábila 1 l;Jugo de Aloe Vera puro (99,7%) de producción ecológica. Elaborado con 2,7 kg de hojas y procesado de forma íntegra en túnel de frío sin aire. Se presenta en botella de plástico de 1 litro con obturador de 8 orificios.;21.50;https://tienda.productostipicosregionales.es/zumos/1020-jugo-para-beber-aloe-vera-ecologico-penca-zabila-1-l.html;https://tienda.productostipicosregionales.es/1335-home_default/jugo-para-beber-aloe-vera-ecologico-penca-zabila-1-l.jpg
Jugo para beber Aloe Vera Ecológico Penca Zábila 300 ml;Jugo de Aloe Vera puro (99,7%) de producción ecológica. Elaborado con 810 gr de hojas y procesado de forma íntegra en túnel de frío sin aire. Se presenta en envase Airless de 300 mlcon válvula hermética anti-goteo.;9.95;https://tienda.productostipicosregionales.es/zumos/1022-jugo-para-beber-aloe-vera-ecologico-penca-zabila-300-ml.html;https://tienda.productostipicosregionales.es/1337-home_default/jugo-para-beber-aloe-vera-ecologico-penca-zabila-300-ml.jpg
La Villa Real Reserva 2011 75 cl – D.O. La Mancha;Producido por Soc. Coop. CLM La Remediadora, bajo la D.O. La Mancha, envejecido en barricas nuevas de roble americano y francés durante 24 meses y, posteriormente, envejecido en botella durante 18 meses más. Las variedades de uva utilizadas son Cavernet (50%) y Merlot (50%). 13,5% Vol. Se presenta en botella de vidrio de 75 cl estuchada. Contiene sulfitos.;12.75;https://tienda.productostipicosregionales.es/vino/356-la-villa-real-reserva-2011-75-cl-do-la-mancha.html;https://tienda.productostipicosregionales.es/384-home_default/la-villa-real-reserva-2011-75-cl-do-la-mancha.jpg
Lazos de San Guillermo Confitería Montañés 300 gr;Los Lazos de San Guillermo están compuestos por finas láminas de hojaldre elaborado con mantequilla, horneado y espolvoreado en azúcar lustre. Producto artesano, 100% natural. Se presenta en estuche de 300 gr.;10.95;https://tienda.productostipicosregionales.es/reposteria/649-lazos-de-san-guillermo-confiteria-montanes-300-gr.html;https://tienda.productostipicosregionales.es/677-home_default/lazos-de-san-guillermo-confiteria-montanes-300-gr.jpg
Lenteja al Natural Extra Juker 315 gr;Lenteja pardina al natural de primera calidad, cocida y lista para consumir sola o en platos variados. Se presenta en tarro de vidrio de 315 gr. Peso Neto Escurrido: 205g.;1.95;https://tienda.productostipicosregionales.es/legumbres/288-lenteja-al-natural-extra-juker-315-gr.html;https://tienda.productostipicosregionales.es/316-home_default/lenteja-al-natural-extra-juker-315-gr.jpg
Lenteja Pardina 1 kg – I.G.P. Tierra de Campos;Variedad de legumbre ligada a las condiciones climáticas y características del terreno de la zona de producción, cultivadas bajo la I.G.P. La Bañeza – León. Se presenta en saquito de tela de 1 kg.;3.45;https://tienda.productostipicosregionales.es/legumbres/639-lenteja-pardina-1-kg-igp-tierra-de-campos.html;https://tienda.productostipicosregionales.es/2277-home_default/lenteja-pardina-1-kg-igp-tierra-de-campos.jpg
Lentejas al Natural Extra Juker 660 gr;Lenteja pardina, cocida y lista para consumir sola o en platos variados. Se presenta en tarro de vidrio de 660 gr. Peso neto Escurrido: 425 g.;2.10;https://tienda.productostipicosregionales.es/conservas-vegetales/1089-lentejas-cocidas-al-natural.html;https://tienda.productostipicosregionales.es/1419-home_default/lentejas-cocidas-al-natural.jpg
Lentejas estofadas producción ecológica Cachopo 445 cc;Tanto por su cultivo como su elaboración casera, tiene a su alcance un sano plato donde degustará todo el sabor de la lenteja estofada. Una conserva preparada para calentar y servir. Un plato indispensable para dietas vegetarianas elaborado con materias primas de producción ecológica. Se presenta en tarro de vidrio de 445 cc.;4.25;https://tienda.productostipicosregionales.es/plato-de-cuchara/55-lentejas-estofadas-produccion-ecologica-cachopo-445-cc.html;https://tienda.productostipicosregionales.es/84-home_default/lentejas-estofadas-produccion-ecologica-cachopo-445-cc.jpg
Licor Aguardiente de Orujo Gulagalega Gourmet 70 cl;Aguardiente elaborado de forma tradicional mediante orujos seleccionados. 40% Vol. 90 puntos Guía Peñín de los Destilados y la Coctelería 2016. Se presenta en frasca de vidrio de 70 cl.;13.50;https://tienda.productostipicosregionales.es/destilados/699-licor-aguardiente-de-orujo-gulagalega-gourmet-70-cl.html;https://tienda.productostipicosregionales.es/857-home_default/licor-aguardiente-de-orujo-gulagalega-gourmet-70-cl.jpg
Licor Aguardiente De Orujo Picos De Cabariezo 70 Cl;Aguardiente de Orujo elaborado a partir de los hollejos procedentes de la vinificación, de forma artesanal, destilados mediante Alquitara Tradicional Lebaniega de cobre. 48% Vol. Se presenta en frasca de vidrio de 70 cl.;19.50;https://tienda.productostipicosregionales.es/destilados/1367-licor-aguardiente-de-orujo-picos-de-cabariezo-70-cl.html;https://tienda.productostipicosregionales.es/2190-home_default/licor-aguardiente-de-orujo-picos-de-cabariezo-70-cl.jpg
Licor Aguardiente de Orujo San Valerio 70 cl;Aguardiente de orujo artesano del Bierzo. 50% Vol. Se presenta en botella de vidrio de 70 cl.;18.50;https://tienda.productostipicosregionales.es/destilados/553-licor-aguardiente-de-orujo-san-valerio.html;https://tienda.productostipicosregionales.es/1488-home_default/licor-aguardiente-de-orujo-san-valerio.jpg
Licor Crema Asturiana de Orujo Monasterio de Corias 20 cl;Licor asturiano de crema de orujo resultante de la fusión entre la crema de leche, aguardiente de orujo y azúcar, caracterizado por un sabor suave y dulce. 15% Vol. Se presenta en botella de vidrio de 20 cl.;7.50;https://tienda.productostipicosregionales.es/destilados/208-licor-crema-asturiana-de-orujo-monasterio-de-corias-20-cl.html;https://tienda.productostipicosregionales.es/833-home_default/licor-crema-asturiana-de-orujo-monasterio-de-corias-20-cl.jpg
Licor Crema De Café Picos De Cabariezo 70 Cl;Licor Café de base láctea elaborado a partir de los hollejos procedentes de la vinificación, de forma artesanal, destilados mediante Alquitara Tradicional Lebaniega de cobre. 17% Vol. Se presenta en frasca de vidrio de 70 cl.;17.50;https://tienda.productostipicosregionales.es/destilados/1364-licor-crema-de-cafe-picos-de-cabariezo-70-cl.html;https://tienda.productostipicosregionales.es/2187-home_default/licor-crema-de-cafe-picos-de-cabariezo-70-cl.jpg
Licor Crema de Castañas S.A.T El Artesano Raúl Valcarce 10 cl;Licor crema de castañas artesano del Bierzo. 17% Vol. Se presenta en botella de vidrio piramidal de 10 cl.;5.75;https://tienda.productostipicosregionales.es/destilados/558-licor-crema-de-castanas-sat-el-artesano-raul-valcarce-10-cl.html;https://tienda.productostipicosregionales.es/1125-home_default/licor-crema-de-castanas-sat-el-artesano-raul-valcarce-10-cl.jpg
Licor Crema de Castañas San Valerio 70 cl;Licor crema de castañas artesano del Bierzo. 17% Vol. Se presenta en botella de vidrio de 70 cl.;16.50;https://tienda.productostipicosregionales.es/destilados/557-licor-crema-de-castanas-san-valerio-70-cl.html;https://tienda.productostipicosregionales.es/839-home_default/licor-crema-de-castanas-san-valerio-70-cl.jpg
Licor Crema de Chocolate y Cerezas Gulagalega Gourmet 70 cl;Crema de chocolate y cerezas elaborada de forma tradicional con aguardiente de primera calidad y, por otro lado, obtenida a partir de una base láctea elaborada con nata acompañada de chocolate y cerezas. 15% Vol. 90 puntos Guía Peñín de los Destilados y la Coctelería 2016. Se presenta en frasca de vidrio de 70 cl.;12.50;https://tienda.productostipicosregionales.es/destilados/697-licor-crema-de-chocolate-y-cerezas-gulagalega-gourmet-70-cl.html;https://tienda.productostipicosregionales.es/855-home_default/licor-crema-de-chocolate-y-cerezas-gulagalega-gourmet-70-cl.jpg
Licor Crema De Orujo Picos De Cabariezo 70 Cl;Crema de Orujo de base láctea elaborado a partir de los hollejos procedentes de la vinificación, de forma artesanal, destilados mediante Alquitara Tradicional Lebaniega de cobre. 17% Vol. Se presenta en frasca de vidrio de 70 cl.;17.50;https://tienda.productostipicosregionales.es/destilados/1368-licor-crema-de-orujo-picos-de-cabariezo-70-cl.html;https://tienda.productostipicosregionales.es/2191-home_default/licor-crema-de-orujo-picos-de-cabariezo-70-cl.jpg
Licor de Arándanos Tierra Astur 70 cl;Licor asturiano de extraordinaria calidad obtenido de los mejores arándanos de la región macerados en aguardiente y azúcar. Un licor artesanal con el sabor dulce característico del arándano, de alto poder digestivo. 19% Vol. Se presenta en botella de vidrio de 70 cl.;15.75;https://tienda.productostipicosregionales.es/destilados/203-licor-de-arandanos-tierra-astur-70-cl.html;https://tienda.productostipicosregionales.es/987-home_default/licor-de-arandanos-tierra-astur-70-cl.jpg
Licor de Avellanas Los Serranos 70 cl;Licor asturiano de avellanas elaborado a partir de la maceración y destilación de este fruto seco. 24% Vol. Se presenta en botella de 70 cl.;13.75;https://tienda.productostipicosregionales.es/destilados/206-licor-de-avellanas-los-serranos-70-cl.html;https://tienda.productostipicosregionales.es/234-home_default/licor-de-avellanas-los-serranos-70-cl.jpg
Licor de Café Gulagalega Gourmet 70 cl;Licor de café elaborado de forma tradicional con aguardiente de primera calidad y, por otro lado, combinando diferentes tipos de café de forma muy acertada. 25% Vol. 91 puntos Guía Peñín de los Destilados y la Coctelería 2016. Se presenta en frasca de vidrio de 70 cl.;12.50;https://tienda.productostipicosregionales.es/destilados/696-licor-de-cafe-gulagalega-gourmet-70-cl.html;https://tienda.productostipicosregionales.es/854-home_default/licor-de-cafe-gulagalega-gourmet-70-cl.jpg
Licor De Café Picos De Cabariezo 70 Cl;Licor de Café elaborado a partir de los hollejos procedentes de la vinificación, de forma artesanal, destilados mediante Alquitara Tradicional Lebaniega de cobre. 22% Vol. Se presenta en frasca de vidrio de 70 cl.;17.50;https://tienda.productostipicosregionales.es/destilados/1365-licor-de-cafe-picos-de-cabariezo-70-cl.html;https://tienda.productostipicosregionales.es/2188-home_default/licor-de-cafe-picos-de-cabariezo-70-cl.jpg
Licor de Guindas Tierra Astur 70 cl;Licor tradicional de guindas elaborado a través del anisado de aguardiente de orujo y macerado con guindas y azúcar como ingredientes principales. 24% Vol. Se presenta en botella de vidrio de 70 cl.;17.25;https://tienda.productostipicosregionales.es/destilados/204-licor-de-guindas-tierra-astur-70-cl.html;https://tienda.productostipicosregionales.es/986-home_default/licor-de-guindas-tierra-astur-70-cl.jpg
Licor de Hierbas Gulagalega Gourmet 70 cl;Licor de hierbas elaborado de forma tradicional con aguardiente de primera calidad y, por otro lado, dejando macerar en el mismo durante un mínimo de 30 días una selección de 15 botánicos. 25% Vol. 90 puntos Guía Peñín de los Destilados y la Coctelería 2016. Se presenta en frasca de vidrio de 70 cl.;12.50;https://tienda.productostipicosregionales.es/destilados/698-licor-de-hierbas-gulagalega-gourmet-70-cl.html;https://tienda.productostipicosregionales.es/856-home_default/licor-de-hierbas-gulagalega-gourmet-70-cl.jpg
Licor De Hierbas Picos De Cabariezo 70 Cl;Licor de Hierbas elaborado a partir de los hollejos procedentes de la vinificación, de forma artesanal, destilados mediante Alquitara Tradicional Lebaniega de cobre. 26% Vol. Se presenta en frasca de vidrio de 70 cl.;17.50;https://tienda.productostipicosregionales.es/destilados/1366-licor-de-hierbas-picos-de-cabariezo-70-cl.html;https://tienda.productostipicosregionales.es/2189-home_default/licor-de-hierbas-picos-de-cabariezo-70-cl.jpg
Licor de Hierbas S.A.T El Artesano Raúl Valcarce 10 Cl;Licor de hierbas artesano del Bierzo. 29,7% Vol. Se presenta en botella de vidrio piramidal de 10 cl.;6.50;https://tienda.productostipicosregionales.es/destilados/552-licor-de-hierbas-sat-el-artesano-raul-valcarce-10-cl.html;https://tienda.productostipicosregionales.es/1123-home_default/licor-de-hierbas-sat-el-artesano-raul-valcarce-10-cl.jpg
Licor de Hierbas San Valerio 70 Cl;Licor de hierbas artesano del Bierzo. 29,7% Vol. Se presenta en botella de vidrio de 70 cl.;16.75;https://tienda.productostipicosregionales.es/destilados/551-licor-de-hierbas-san-valerio-70-cl.html;https://tienda.productostipicosregionales.es/1422-home_default/licor-de-hierbas-san-valerio-70-cl.jpg
Licor de Higos S.A.T El Artesano Raúl Valcarce 10 cl;Licor de higos artesano del Bierzo. 22,5% Vol. Se presenta en botella de vidrio piramidal de 10 cl.;6.50;https://tienda.productostipicosregionales.es/destilados/556-licor-de-higos-sat-el-artesano-raul-valcarce-10-cl.html;https://tienda.productostipicosregionales.es/1124-home_default/licor-de-higos-sat-el-artesano-raul-valcarce-10-cl.jpg
Licor de Higos San Valerio 70 cl;Licor de higos artesano del Bierzo. 22,5% Vol. Se presenta en botella de vidrio de 70 cl.;14.25;https://tienda.productostipicosregionales.es/destilados/555-licor-de-higos-san-valerio-70-cl.html;https://tienda.productostipicosregionales.es/838-home_default/licor-de-higos-san-valerio-70-cl.jpg
Licor de Limón Casas de Abril 70 cl;Limoncillo típico de La Mancha producido por Api Mancha, S.L. 70% Vol. Se presenta en botella de vidrio de 70 cl.;10.50;https://tienda.productostipicosregionales.es/destilados/872-licor-de-limon-casas-de-abril-70-cl.html;https://tienda.productostipicosregionales.es/1117-home_default/licor-de-limon-casas-de-abril-70-cl.jpg
Licor Orujo de Miel Monasterio de Corias 20 cl;Orujo asturiano de miel elaborado artesanalmente mediante la fusión de aguardientes de orujo seleccionados y miel de brezo de la propia región. 30% Vol. Se presenta en botella de vidrio de 20 cl.;7.50;https://tienda.productostipicosregionales.es/destilados/213-licor-orujo-de-miel-monasterio-de-corias-20-cl.html;https://tienda.productostipicosregionales.es/241-home_default/licor-orujo-de-miel-monasterio-de-corias-20-cl.jpg
Lomo de Atún en Aceite de Oliva La Chanca 225 gr;Tiras de lomo de Atún en aceite de oliva elaborados de forma artesanal. Se presenta en tarro de vidrio de 225 gr. Peso Neto Escurrido: 150 g.;7.25;https://tienda.productostipicosregionales.es/conservas-del-mar/1209-lomo-de-atun-en-aceite-de-oliva-la-chanca-225-gr.html;https://tienda.productostipicosregionales.es/1565-home_default/lomo-de-atun-en-aceite-de-oliva-la-chanca-225-gr.jpg
Lomo de Cerdo Curado El Montañés – Vegacervera 1,100 kg;Lomo de cerdo curado en la localidad de Vegacervera, situada en el extremo Norte de la provincia de León. Producto artesano. Curación natural. Se presenta en media caña de 1,100 gr. aprox. envasado al vacío.;25.50;https://tienda.productostipicosregionales.es/cerdo/679-lomo-de-cerdo-curado-el-montanes-vegacervera-1100-kg.html;https://tienda.productostipicosregionales.es/1010-home_default/lomo-de-cerdo-curado-el-montanes-vegacervera-1100-kg.jpg
Lomo de Cerdo Curado El Montañés – Vegacervera 1,300kg;Lomo de cerdo curado en la localidad de Vegacervera, situada en el extremo Norte de la provincia de León. Producto artesano. Curación natural. Se presenta en media caña de 1,300 gr. aprox. envasado al vacío.;29.75;https://tienda.productostipicosregionales.es/cerdo/680-lomo-de-cerdo-curado-el-montanes-vegacervera-1300kg.html;https://tienda.productostipicosregionales.es/1011-home_default/lomo-de-cerdo-curado-el-montanes-vegacervera-1300kg.jpg
Lomo de Cerdo Curado Loncheado El Montañés – Vegacervera 200 gr.;Lomo de cerdo loncheado y curado en la localidad de Vegacervera, situada en el extremo Norte de la provincia de León. Producto artesano. Curación natural. Se presenta en sobre de 200 g aprox. envasado al vacío.;6.95;https://tienda.productostipicosregionales.es/cerdo/678-lomo-de-cerdo-curado-loncheado-el-montanes-vegacervera.html;https://tienda.productostipicosregionales.es/1016-home_default/lomo-de-cerdo-curado-loncheado-el-montanes-vegacervera.jpg
Macarrones Ecológicos RietVell 500 gr;Pasta elaborada con trigo duro (Triticum Durum) procedente de cultivos ecológicos extensivos y de secano, de fincas ubicadas en áreas esteparias de Belchite o Los Monegros (Aragón). Cuando usted adquiere un producto RietVell está ayudando a conservar especies y ecosistemas únicos en Europa, y también a promover el desarrollo socioeconómico de áreas...;3.50;https://tienda.productostipicosregionales.es/pasta/839-macarrones-ecologicos-rietvell-500-gr.html;https://tienda.productostipicosregionales.es/1078-home_default/macarrones-ecologicos-rietvell-500-gr.jpg
Macarrones Integrales Ecológicos RietVell 500 gr;Pasta elaborada con trigo duro (Triticum Durum) procedente de cultivos ecológicos extensivos y de secano, de fincas ubicadas en áreas esteparias de Belchite o Los Monegros (Aragón). Cuando usted adquiere un producto RietVell está ayudando a conservar especies y ecosistemas únicos en Europa, y también a promover el desarrollo socioeconómico de áreas...;3.50;https://tienda.productostipicosregionales.es/pasta/838-macarrones-integrales-ecologicos-rietvell-500-gr.html;https://tienda.productostipicosregionales.es/1077-home_default/macarrones-integrales-ecologicos-rietvell-500-gr.jpg
Mantecadas de Astorga La Cepedana 300 g – I.G.P. Mantecadas de Astorga;Uno de los dulces con más tradición de la comarca leonesa de la Maragatería. Surgidas en torno al S. XIX como receta conventual, el resultado es un dulce delicioso. Elaborado bajo la I.G.P. Mantecada de Astorga. Se presenta en estuche de cartón de 300 g (12 unid).;5.50;https://tienda.productostipicosregionales.es/reposteria/1029-mantecadas-de-astorga-la-cepedana-300-g-igp-mantecadas-de-astorga.html;https://tienda.productostipicosregionales.es/2281-home_default/mantecadas-de-astorga-la-cepedana-300-g-igp-mantecadas-de-astorga.jpg
Mejillones En Escabeche Ana María 260 Gr;Mejillones de Las Rías fritos en escabeche con aceite de oliva, elaborados de forma tradicional por Conservas Ana María (Santoña). Se presenta en lata formato “pandereta” de 260 gr. Peso Neto Escurrido: 160 g.;6.95;https://tienda.productostipicosregionales.es/entrantes/1356-mejillones-en-escabeche-ana-maria-260-gr.html;https://tienda.productostipicosregionales.es/2222-home_default/mejillones-en-escabeche-ana-maria-260-gr.jpg
Menestra de Verduras Extra Juker 660 gr;Guiso de verduras seleccionadas en la huerta riojana. Un plato donde color y sabor combinan a la perfección. Se presenta en formato de 660 gr. Peso Neto Escurrido: 400g.;7.25;https://tienda.productostipicosregionales.es/conservas-vegetales/299-menestra-de-verduras-extra-juker-660-gr.html;https://tienda.productostipicosregionales.es/327-home_default/menestra-de-verduras-extra-juker-660-gr.jpg
Mermelada "sin azúcar" de Fresa Extra Juker 212 gr;Mermelada natural de fresa elaborada sin conservantes ni colorantes y sin azúcar añadido. Se presenta en tarro de vidrio de 212 gr.;2.25;https://tienda.productostipicosregionales.es/mermeladas-y-confituras/871-mermelada-sin-azucar-de-fresa-extra-juker-212-gr.html;https://tienda.productostipicosregionales.es/1110-home_default/mermelada-sin-azucar-de-fresa-extra-juker-212-gr.jpg
Mermelada de Fresa Juker 290 gr;Mermelada natural de fresa, elaborada sin conservantes ni colorantes.;3.25;https://tienda.productostipicosregionales.es/mermeladas-y-confituras/277-mermelada-de-fresa-juker-290-gr.html;https://tienda.productostipicosregionales.es/305-home_default/mermelada-de-fresa-juker-290-gr.jpg
Mermelada de Albaricoque Juker 290 gr;Mermelada natural de albaricoque, elaborada sin conservantes ni colorantes.;3.25;https://tienda.productostipicosregionales.es/mermeladas-y-confituras/271-mermelada-de-albaricoque-juker-290-gr.html;https://tienda.productostipicosregionales.es/299-home_default/mermelada-de-albaricoque-juker-290-gr.jpg
Mermelada de Arándanos Juker 290 gr;Mermelada natural de arándanos, elaborada sin conservantes ni colorantes.;3.75;https://tienda.productostipicosregionales.es/mermeladas-y-confituras/272-mermelada-de-arandanos-juker-290-gr.html;https://tienda.productostipicosregionales.es/300-home_default/mermelada-de-arandanos-juker-290-gr.jpg
Mermelada de Café Juker 290 gr;Mermelada natural de café, elaborada sin conservantes ni colorantes. Ideal para iniciar con energía la jornada laboral de cada día. El café natural molido que se emplea para esta elaboración es una mezcla de arábicas procedentes de América y de robustas de Asia y África.;2.95;https://tienda.productostipicosregionales.es/mermeladas-y-confituras/273-mermelada-de-cafe-juker-290-gr.html;https://tienda.productostipicosregionales.es/844-home_default/mermelada-de-cafe-juker-290-gr.jpg
Mermelada de Cebolla Juker 290 gr;Mermelada natural de cebolla riojana, elaborada sin conservantes ni colorantes.;3.25;https://tienda.productostipicosregionales.es/mermeladas-y-confituras/274-mermelada-de-cebolla-juker-290-gr.html;https://tienda.productostipicosregionales.es/845-home_default/mermelada-de-cebolla-juker-290-gr.jpg
Mermelada de Cereza Juker 290 gr;Mermelada natural de cereza, elaborada sin conservantes ni colorantes.;3.25;https://tienda.productostipicosregionales.es/mermeladas-y-confituras/268-mermelada-de-cereza-juker-290-gr.html;https://tienda.productostipicosregionales.es/296-home_default/mermelada-de-cereza-juker-290-gr.jpg
Mermelada de Ciruela De Lo Nuestro Artesano 300 g;Mermelada elaborada exclusivamente con fruta fresca de temporada y azúcar. Sin conservantes, ni colorantes. Producto artesano. Peso Neto 300 g.;3.95;https://tienda.productostipicosregionales.es/mermeladas-y-confituras/1147-mermelada-de-ciruela-de-lo-nuestro-artesano.html;https://tienda.productostipicosregionales.es/1484-home_default/mermelada-de-ciruela-de-lo-nuestro-artesano.jpg
Mermelada de Ciruela Juker 290 gr;Mermelada natural de ciruela claudia, elaborada sin conservantes ni colorantes.;3.25;https://tienda.productostipicosregionales.es/mermeladas-y-confituras/275-mermelada-de-ciruela-juker-290-gr.html;https://tienda.productostipicosregionales.es/303-home_default/mermelada-de-ciruela-juker-290-gr.jpg
Mermelada de Frambuesa Juker 290 gr;Mermelada natural de frambuesa silvestre, elaborada sin conservantes ni colorantes.;3.75;https://tienda.productostipicosregionales.es/mermeladas-y-confituras/276-mermelada-de-frambuesa-juker-290-gr.html;https://tienda.productostipicosregionales.es/846-home_default/mermelada-de-frambuesa-juker-290-gr.jpg
Mermelada de Kiwi Juker 290 gr;Mermelada natural de kiwi, elaborada sin conservantes ni colorantes.;3.25;https://tienda.productostipicosregionales.es/mermeladas-y-confituras/278-mermelada-de-kiwi-juker-290-gr.html;https://tienda.productostipicosregionales.es/848-home_default/mermelada-de-kiwi-juker-290-gr.jpg
Mermelada de Mandarina Juker 290 gr;Mermelada natural de mandarina, elaborada sin conservantes ni colorantes.;3.25;https://tienda.productostipicosregionales.es/mermeladas-y-confituras/279-mermelada-de-mandarina-juker-290-gr.html;https://tienda.productostipicosregionales.es/307-home_default/mermelada-de-mandarina-juker-290-gr.jpg
Mermelada de Manzana Reineta al Godello S.A.T. El Artesano Raúl...;Elaborado por De lo Nuestro Artesano , S.L. en el Bierzo (Carracedelo – León). Producto de elaboración artesanal. Se presenta en tarro de vidrio de 235 gr.;3.75;https://tienda.productostipicosregionales.es/mermeladas-y-confituras/567-mermelada-de-manzana-reineta-al-godello-sat-el-artesano-raul-valcarce-220-gr.html;https://tienda.productostipicosregionales.es/595-home_default/mermelada-de-manzana-reineta-al-godello-sat-el-artesano-raul-valcarce-220-gr.jpg
Mermelada de Melocotón Juker 290 gr;Mermelada natural de melocotón, elaborada sin conservantes ni colorantes.;3.25;https://tienda.productostipicosregionales.es/mermeladas-y-confituras/280-mermelada-de-melocoton-juker-290-gr.html;https://tienda.productostipicosregionales.es/308-home_default/mermelada-de-melocoton-juker-290-gr.jpg
Mermelada de Mora Juker 290 gr;Mermelada natural de mora silvestre, elaborada sin conservantes ni colorantes.;3.75;https://tienda.productostipicosregionales.es/mermeladas-y-confituras/281-mermelada-de-mora-juker-290-gr.html;https://tienda.productostipicosregionales.es/309-home_default/mermelada-de-mora-juker-290-gr.jpg
Mermelada de Naranja Amarga Juker 290 gr;Mermelada natural de naranja amarga andaluza, elaborada sin conservantes ni colorantes.;3.25;https://tienda.productostipicosregionales.es/mermeladas-y-confituras/269-mermelada-de-naranja-amarga-juker-290-gr.html;https://tienda.productostipicosregionales.es/763-home_default/mermelada-de-naranja-amarga-juker-290-gr.jpg
Mermelada de Naranja Juker 290 gr;Mermelada natural de naranja valenciana, elaborada sin conservantes ni colorantes.;3.25;https://tienda.productostipicosregionales.es/mermeladas-y-confituras/282-mermelada-de-naranja-juker-290-gr.html;https://tienda.productostipicosregionales.es/310-home_default/mermelada-de-naranja-juker-290-gr.jpg
Mermelada de Pera con Arándanos S.A.T. El Artesano Raúl Valcarce...;Mermelada elaborada por De Lo Nuestro Artesano, S.L. en el Bierzo (Carracedelo - León). Producción artesanal. Se presenta en tarro de vidrio de 220 gr.;3.75;https://tienda.productostipicosregionales.es/mermeladas-y-confituras/1281-mermelada-de-pera-con-arandanos-sat-el-artesano-raul-valcarce-220-gr.html;https://tienda.productostipicosregionales.es/1649-home_default/mermelada-de-pera-con-arandanos-sat-el-artesano-raul-valcarce-220-gr.jpg
Mermelada de Pétalos de Rosa Oro Molido 210 gr;Mermelada de pétalos de rosa Oro Molido de suave textura, con un sabor sorprendente y vivo, aunque buscando siempre la naturalidad. Se presenta en tarro de vidrio formato rústico de 210 gr.;3.65;https://tienda.productostipicosregionales.es/mermeladas-y-confituras/811-mermelada-de-petalos-de-rosa-oro-molido-210-gr.html;https://tienda.productostipicosregionales.es/1050-home_default/mermelada-de-petalos-de-rosa-oro-molido-210-gr.jpg
Mermelada de Pimientos S.A.T. El Artesano Raúl Valcarce 235 gr;Elaborado por De lo Nuestro Artesano , S.L. en el Bierzo (Carracedelo – León). Producto de elaboración artesanal. Se presenta en tarro de vidrio de 235 gr.;4.50;https://tienda.productostipicosregionales.es/mermeladas-y-confituras/562-mermelada-de-pimientos-sat-el-artesano-raul-valcarce-235-gr.html;https://tienda.productostipicosregionales.es/590-home_default/mermelada-de-pimientos-sat-el-artesano-raul-valcarce-235-gr.jpg
Mermelada de Piquillo Juker 290 gr;Mermelada natural de pimiento del piquillo, elaborada sin conservantes ni colorantes.;3.75;https://tienda.productostipicosregionales.es/mermeladas-y-confituras/283-mermelada-de-piquillo-juker-290-gr.html;https://tienda.productostipicosregionales.es/311-home_default/mermelada-de-piquillo-juker-290-gr.jpg
Mermelada de Reineta Juker 290 gr;Mermelada natural de manzana reineta, elaborada sin conservantes ni colorantes.;3.25;https://tienda.productostipicosregionales.es/mermeladas-y-confituras/284-mermelada-de-reineta-juker-290-gr.html;https://tienda.productostipicosregionales.es/312-home_default/mermelada-de-reineta-juker-290-gr.jpg
Mermelada de Tomate Juker 290 gr;Mermelada natural de tomate riojano, elaborada sin conservantes ni colorantes.;3.25;https://tienda.productostipicosregionales.es/mermeladas-y-confituras/270-mermelada-de-tomate-juker-290-gr.html;https://tienda.productostipicosregionales.es/843-home_default/mermelada-de-tomate-juker-290-gr.jpg
Mermelada de Tomate S.A.T. El Artesano Raúl Valcarce 235 gr;Elaborado por De lo Nuestro Artesano , S.L. en el Bierzo (Carracedelo – León). Producto de elaboración artesanal. Se presenta en tarro de vidrio de 235 gr.;3.75;https://tienda.productostipicosregionales.es/mermeladas-y-confituras/563-mermelada-de-tomate-sat-el-artesano-raul-valcarce-235-gr.html;https://tienda.productostipicosregionales.es/591-home_default/mermelada-de-tomate-sat-el-artesano-raul-valcarce-235-gr.jpg
Mermelada de Vino Tinto Oro Molido 210 gr;Mermelada de Vino tinto Oro Molido de suave textura, con un sabor sorprendente y vivo, aunque buscando siempre la naturalidad. Se presenta en tarro de vidrio formato rústico de 210 gr.;3.65;https://tienda.productostipicosregionales.es/mermeladas-y-confituras/826-mermelada-de-vino-tinto-oro-molido-210-gr.html;https://tienda.productostipicosregionales.es/1122-home_default/mermelada-de-vino-tinto-oro-molido-210-gr.jpg
Mermelada “sin azúcar” de Ciruela Extra Juker 212 gr;Mermelada natural de ciruela, elaborada sin conservantes ni colorantes y sin azúcar añadido.;2.50;https://tienda.productostipicosregionales.es/mermeladas-y-confituras/264-mermelada-sin-azucar-de-ciruela-extra-juker-212-gr.html;https://tienda.productostipicosregionales.es/850-home_default/mermelada-sin-azucar-de-ciruela-extra-juker-212-gr.jpg
Mermelada “sin azúcar” de Kiwi Extra Juker 212 gr;Mermelada natural de kiwi, elaborada sin conservantes ni colorantes y sin azúcar añadido.;2.50;https://tienda.productostipicosregionales.es/mermeladas-y-confituras/265-mermelada-sin-azucar-de-kiwi-extra-juker-212-gr.html;https://tienda.productostipicosregionales.es/847-home_default/mermelada-sin-azucar-de-kiwi-extra-juker-212-gr.jpg
